10
00
00
10
00
10
01
06
07
07
06
0707
05
08
06
07
05
0C
0D
0B
0F
08
0613
06
07
06
07
07
07
06
07
1A
2E
0B08
06
06
07
0A
0A
1E
07
0B
0F
08
0E09
18
33
1E
19
2B
18
14
35
26
08
172B
19
1E
27
2A
23
21
24
20
26
23
2A32
2F
36
3E
3D
3C
3B
3A
3A
3A
39
3938
37
38
38
38
37
37
37
37
36
36
3636
36
36
35
35
35
35
34
34
34
33
3333
33
33
33
33
33
32
32
32
31
31
3131
31
31
31
31
31
30
30
30
2F
2F
2F2F
2F
2E
2E
2E
2E
2E
2E
2D
2D
2D
2D2D
2D
2C
2C
2C
2C
2C
2B
2B
2B
2B
2B2B
2A
2A
2A
2A
29
29
29
29
29
28
2827
27
28
27
27
27
27
27
27
27
26
2626
26
26
25
27
25
29
25
24
24
24
2424
24
24
24
24
23
23
24
23
23
23
2222
22
22
26
22
21
21
21
21
21
21
2121
20
20
20
21
20
20
20
23
20
1F
2020
20
1F
1F
1F
1F
20
30
1F
1E
1E
1E1E
1E
1E
1E
1E
20
1E
1E
1E
1E
1E
201E
1E
1E
23
1D
1E
1E
1E
1F
1E
1E
1D1D
1E
1E
1E
1D
1D
2D
1E
1D
1E
1E
241D
1D
1D
1D
1D
1D
1E
1E
1D
1D
1C
1B1E
28
31
38
3D
3E
3C
3C
35
31
2E
2A2C
27
22
17
0B
04
04
0C
08
04
0B
1616
05
03
02
02
02
02
02
1B
19
0D
040B
0C
06
06
07
06
07
07
05
08
06
0508
06
0D
13
0D
0E
15
14
54
12
08
0707
07
07
07
08
0C
24
11
08
07
07
281C
0C
08
07
09
06
08
0E
0D
24
11
2931
0B
2B
2C
0A
2A
34
0A
13
29
14
1C28
2A
2D
29
2E
25
25
28
27
19
1A
293C
3C
3C
3B
3B
3A
3A
39
39
38
39
3838
38
38
38
37
37
37
37
37
36
36
3636
36
35
4C
59
34
34
34
34
34
34
3333
33
33
33
33
32
35
32
32
31
31
3131
31
30
30
30
30
30
2F
2F
2F
2F
2E2E
2E
2E
2D
2D
2D
2D
2D
2D
2D
2C
2C2C
2C
2C
2B
2B
2B
2B
2B
2B
2A
2A
2A2A
29
29
29
29
29
29
2A
28
27
28
2827
28
27
27
27
27
27
28
27
26
26
2625
25
25
25
25
24
25
24
24
24
24
2423
23
23
23
23
25
22
22
22
22
22
2222
21
21
21
21
24
21
21
21
20
20
2020
20
20
20
20
20
1F
1F
1F
1F
20
231F
24
20
1F
21
20
23
1E
1E
1E
20
1E1E
20
1E
1F
1E
1E
1E
21
1E
1E
1E
1E1D
1D
1D
1E
32
1D
33
1E
1E
1E
1D
1E1E
1D
1E
1E
1D
1D
1D
1D
1D
1D
1E
1D1D
1D
1E
23
29
31
37
3E
40
3D
38
322F
25
1B
12
19
1F
1E
17
0C
05
05
0608
15
16
0F
14
1E
1F
14
02
10
0B
0209
07
06
04
26
0A
05
07
0C
07
06
0707
07
07
05
08
07
05
08
05
06
08
0F12
0D
0A
09
1D
0B
1D
07
07
07
07
1F07
0B
0D
08
07
07
25
2A
04
29
08
080D
0C
18
0A
0D
0D
35
1D
17
32
15
1C35
13
1D
35
0C
0C
1A
0B
12
2E
19
2625
26
25
11
1A
2A
32
2D
1E
2B
3A
3D3C
3C
3F
3A
3A
39
3A
39
39
39
39
3838
37
37
37
38
37
37
38
37
36
36
3635
35
35
35
35
35
34
34
34
33
34
3333
33
33
32
32
32
32
32
32
31
31
3131
31
30
30
30
2F
2F
2F
2F
2E
2E
2E2E
2E
2D
2D
2D
2D
2D
2C
2C
2C
2C
2C2C
2B
2B
2B
2B
2B
2A
2A
2A
2A
2A
2A29
29
29
29
28
28
28
28
27
27
27
2727
27
27
27
27
26
26
26
27
25
25
2525
25
25
25
24
24
24
24
24
24
23
2323
23
23
23
22
27
22
21
21
25
21
2121
21
21
21
21
21
2B
20
20
21
20
2020
20
21
1F
1F
1F
1F
20
1F
1F
1F
1F1F
1F
1F
1E
1E
1E
1E
1F
1F
1E
1E
1E1E
1E
1E
1E
1E
1E
1E
1E
1E
1E
1E
1E1F
1E
1E
1E
1E
1E
1E
1E
1E
1E
20
1D1E
1F
1D
1E
1D
1E
1D
1D
1D
1E
1E
1D1D
1D
1D
1D
1B
1D
1D
1A
14
17
1E
201C
14
08
06
0A
0F
11
14
1A
13
17
1B15
0B
09
0B
0B
05
05
08
09
08
06
1413
06
12
0D
08
05
08
07
06
08
05
0608
05
0A
07
05
06
06
12
13
10
0E
0B0E
0F
08
07
06
07
08
29
06
27
0E
0808
2D
07
1D
0D
0A
08
27
26
0B
10
0F0B
23
13
3E
2E
0B
29
1C
12
38
20
1635
13
0D
0D
0B
0B
23
18
24
21
21
2D22
20
1E
10
27
2B
26
2E
3D
3D
3C
3B3B
3A
3A
3A
39
39
39
39
39
38
38
3837
38
37
37
37
37
37
37
36
36
35
3535
35
35
35
35
35
34
34
33
33
33
3333
33
32
32
32
31
32
31
31
31
30
3030
30
37
2F
2F
2F
30
2E
2E
2E
2E
2E2E
2D
2D
2D
2D
2D
2E
2C
32
2C
2C
2B2B
2B
2B
2B
2B
2B
2B
2A
2A
29
2A
2928
28
28
28
28
27
27
27
27
27
27
2727
27
27
26
26
26
25
25
25
25
25
2525
25
24
24
24
24
24
24
24
23
23
2323
23
23
22
22
22
22
21
21
21
21
2121
21
21
21
21
20
20
20
21
20
20
2020
20
1F
1F
1F
20
1F
1F
1F
1F
22
1F1F
1F
1F
21
1F
1F
20
22
1E
1E
1E
1E1E
1F
2A
1E
1E
1E
1F
1E
1E
1E
21
1E1E
1E
22
1E
1E
1E
1E
1E
1E
1E
1E
1E1E
1E
1E
1E
1E
1D
1D
1E
1E
1E
1D
1C1D
1A
18
1C
1F
1F
16
0D
09
11
1A
2124
25
27
2B
29
29
27
17
11
16
0D
0604
07
08
09
09
07
05
11
09
06
0B
0806
07
07
06
08
05
05
09
05
0A
09
0505
07
06
0C
11
0F
0C
09
07
0A
07
0906
0A
06
12
05
1E
11
08
08
0D
3A
0D0D
0B
09
3B
25
2A
0A
0D
12
0D
16
0C17
21
12
13
0D
0B
0F
0E
0D
13
0C
0C0D
09
0B
13
17
1D
13
1B
28
22
23
2021
1E
18
27
28
3A
3D
3C
3C
3B
3B
3B3A
3A
3A
39
3A
39
39
39
38
38
38
3839
37
37
37
38
36
36
36
36
35
35
3535
35
35
34
34
34
34
33
33
33
33
3332
32
32
32
32
31
31
31
31
31
30
3030
30
2F
2F
2E
2E
2E
2E
2E
2E
2D
2D2D
2D
2C
2D
2C
2C
2C
2C
2B
2C
2B
2B2B
2B
2C
2A
2A
2A
2A
29
29
29
29
2828
28
28
28
27
27
27
28
27
27
26
2726
27
26
26
26
25
25
25
25
25
25
2524
24
24
24
24
24
24
23
23
23
23
2323
23
23
22
22
22
21
21
24
21
21
2421
21
20
22
21
2C
20
21
20
20
20
201F
26
1F
1F
1F
1F
21
1F
1F
23
1F
1F1F
1E
1E
1E
1E
1E
1E
1F
1E
1F
1E
1E1E
1E
1E
26
1E
1E
1E
1E
1E
1E
1E
1E1E
1E
33
1E
29
1F
1E
31
1D
1E
1D
1D1D
1E
1D
1D
1D
1E
1D
1B
19
1D
20
222A
31
36
3A
40
41
42
3F
3C
39
35
3229
1B
0F
16
13
07
04
04
08
08
08
0604
02
03
03
05
0D
0B
06
06
0C
06
0907
05
08
05
07
09
06
06
05
09
07
0B10
0E
0D
0C
08
07
09
07
08
06
07
0627
05
1A
15
22
11
0B
10
1B
09
0A
201A
1F
19
0C
1A
1C
0B
17
0E
35
18
090C
12
0A
0D
14
0C
16
0D
0B
0C
0B
090C
12
14
13
1B
23
22
23
1F
1C
28
2711
22
37
3E
3D
3D
3C
3B
3B
3B
3A
3A3A
3A
3A
3A
39
39
39
39
38
38
38
3837
37
37
37
37
37
36
36
36
36
36
3635
35
34
34
34
34
33
33
33
33
33
3232
32
32
31
31
31
31
31
31
30
30
3030
2F
2F
2F
2F
2E
2E
2E
2E
2E
2D
2D2D
2D
2C
2C
2C
2C
2C
2B
2B
2B
2B
322A
2A
36
2D
29
29
29
29
29
29
28
2828
28
28
28
28
27
27
27
27
27
27
2726
26
26
26
25
25
25
25
25
25
24
2424
24
24
23
23
23
23
23
23
23
23
2222
22
22
22
21
21
21
21
21
23
21
2125
21
20
20
20
20
20
1F
20
20
20
201F
21
20
1F
30
1F
2C
1F
1F
1F
1E
1E1E
1E
1E
1E
1F
1E
1F
20
1E
1E
1E
1F1E
1E
1F
1E
1E
1E
1E
1E
1E
2E
21
1F1F
1E
1E
20
1E
1E
1E
1E
1D
1D
1E
1E1E
1C
2C
36
42
47
4C
4F
4D
4A
48
4540
39
36
2F
28
23
1B
11
0C
0C
0B
0D08
02
03
03
03
03
06
0C
03
06
11
060A
09
0D
05
0B
05
07
09
05
08
06
0609
06
06
05
08
05
06
0A
15
10
0C
0B09
08
07
09
08
09
10
07
06
08
06
260B
09
09
0A
08
08
07
19
0E
32
0D
0C09
0C
0B
0C
0D
1D
0B
2B
14
24
23
0C15
0F
0D
2E
0C
0B
0B
0B
0A
0B
0F
1019
1B
20
1F
24
22
1E
1A
2A
28
15
343E
3E
3D
3C
3C
3C
3B
3B
3A
3A
3A
3A3A
3A
40
72
39
39
39
39
38
38
38
3839
37
37
37
37
37
36
36
36
36
35
3535
35
34
34
34
33
33
33
33
33
32
3232
31
32
31
31
31
31
31
30
30
30
302F
2F
2E
2E
2E
2E
2E
2E
2D
2F
2D
2D2C
2C
2C
2C
2C
2B
2B
2B
2B
2B
2B
2B2A
2A
2A
29
29
29
29
28
28
28
28
2828
28
27
27
27
27
27
27
26
26
26
2626
25
26
25
25
25
25
25
25
24
24
2424
25
23
23
23
23
23
29
23
24
22
2222
22
21
22
21
21
21
21
2B
21
21
2120
20
20
20
29
33
20
2A
20
1F
20
1F20
20
20
1F
1F
20
1E
21
1E
1E
20
1E1E
1E
1E
1E
1F
1F
1E
32
25
1E
1E
301E
1E
1E
1F
22
1E
1D
1F
26
1E
1E
1E1E
1E
1E
1E
1E
1E
1E
1E
1D
29
1E
1C1D
1D
21
22
1D
18
1C
1E
1D
1A
19
130F
0B
09
07
07
0A
0C
05
02
04
06
0709
14
1B
0B
07
13
0B
09
0A
08
05
0906
06
09
05
07
08
05
0B
06
06
05
0606
05
06
07
10
14
0F
0B
09
08
07
070A
0C
15
19
07
06
1C
09
35
0A
2B
2208
0B
06
39
23
19
29
10
18
19
08
0B0B
0D
0E
0A
0C
0B
10
12
0C
0E
0B
0B0D
0D
0C
0B
0A
0A
0C
15
0E
23
10
1516
24
27
1E
22
1D
34
24
2E
3F
3E
3D3C
3C
3C
3C
3C
3B
3B
3B
3B
3B
3A
3C3A
39
39
39
39
39
39
38
38
38
37
3737
37
37
37
37
37
36
36
36
35
35
3534
34
34
34
33
33
33
33
32
32
32
3232
32
31
31
31
31
31
30
2F
2F
2F
2F2F
2F
2F
2E
2E
2D
2D
30
2D
2D
2C
2C2C
2C
2C
2C
2B
2B
2B
2B
2A
2A
2A
2A2A
29
29
29
29
29
29
28
28
28
28
2827
28
27
27
27
26
26
26
26
26
2C
2525
25
25
25
25
25
25
25
25
24
24
2424
23
24
30
23
23
23
23
23
22
22
2222
22
22
21
21
21
21
21
21
21
21
2120
20
20
20
21
20
20
20
20
22
1F
381F
1F
1F
1E
1E
1F
1F
1E
1F
1F
1F
1F1E
1E
1E
1E
1E
1E
1F
1E
26
1E
1E
1E1E
20
1D
1E
1E
1E
1E
1E
1E
1E
1E
1E1E
1E
1E
1E
1E
1D
1D
1D
20
26
22
1C1C
24
28
26
1D
13
0A
0C
0B
09
08
070A
0C
02
02
08
0B
0D
0F
15
0D
0A
0807
08
08
09
08
06
09
09
06
0A
06
050B
05
0C
08
06
05
05
07
06
05
07
0611
12
0E
0B
0B
08
08
07
09
0A
0E
0906
13
11
09
09
10
0D
08
07
0E
0D
0825
16
0B
0F
07
16
2B
08
09
14
1C
0B22
2E
0D
0E
0C
10
0D
0B
0E
0D
11
0D0D
0D
0E
18
1C
0C
26
19
0E
14
29
2423
21
25
2C
33
29
3F
41
3D
3D
3C
3C3C
3C
3C
3C
3C
3B
3B
3B
3A
3A
3A
3A3A
39
39
39
39
39
38
38
38
38
38
3737
37
37
36
36
36
36
36
35
35
34
3434
34
33
33
33
33
33
32
32
32
32
3231
31
31
31
31
30
30
30
2F
2F
2F
2F2F
2F
2E
2E
2D
2D
2D
2D
2C
2C
2C
2C2C
2C
2B
2B
2B
2A
2A
2A
2A
2A
2A
2A29
29
29
29
28
28
28
29
28
28
27
2727
27
27
27
26
27
29
26
26
25
28
2525
26
25
25
25
24
24
24
24
24
24
4123
23
24
23
23
23
22
23
22
22
22
2122
21
21
21
21
21
21
21
21
20
20
2020
20
20
2C
21
20
1F
1F
1F
1F
1F
1E1E
1F
1E
1E
1F
1F
1F
1F
1F
1E
1E
1E1D
1E
1F
24
1E
1E
1E
22
1E
1E
1E
1E1E
1E
1E
1E
20
1E
1E
1E
1E
1E
1E
1E1E
1E
1F
26
26
2B
34
38
3D
35
25
140E
10
0D
0D
07
05
05
0F
13
03
03
1414
17
12
0E
06
08
0B
0E
0A
05
0B
0807
06
0F
05
09
08
05
0A
05
08
0B
0606
05
06
06
06
05
07
06
0E
0E
10
0A0A
0A
08
08
07
0B
07
08
06
2A
1F
0711
2F
0A
08
2A
08
07
09
09
27
0C
0D0B
07
20
19
13
07
0C
16
1E
22
24
0E33
25
0A
26
0C
0C
15
1E
14
0C
0D
0E12
0E
21
16
1D
0A
1C
28
29
25
21
2227
39
28
40
3F
3E
3E
3D
3D
3D
3D
3C3C
3C
3C
3C
3B
3B
3B
3A
3A
3A
3A
3A3A
3A
39
39
39
39
38
38
38
37
37
3737
37
37
36
36
36
35
35
35
34
34
3433
33
33
33
33
33
32
32
32
32
32
3231
31
31
30
30
30
2F
2F
2F
2F
2F
302E
2E
2E
2D
2D
2E
2D
2C
2C
2C
2C
2C2B
2B
2B
2B
2B
2A
2A
2A
2A
2A
29
292A
29
2B
28
28
28
28
28
27
29
27
2727
27
27
26
26
26
26
25
25
25
25
2525
25
25
25
24
24
24
24
24
24
23
2323
23
24
22
22
22
22
22
22
22
22
2121
21
21
21
21
21
21
20
20
21
30
2020
20
20
1F
21
1F
1F
1E
20
1F
21
1F1F
1F
1F
1F
1F
1E
1E
1E
1E
21
1E
1E1F
1E
27
1E
1E
1E
1E
23
22
1E
1E
1E1E
1E
1E
1E
1E
1E
1E
1E
1D
2F
40
403F
37
32
2C
1C
0D
13
18
1A
0C
10
0D07
13
1C
1A
03
05
19
17
16
09
0B
0E17
1E
10
13
10
0D
17
0A
07
07
06
0709
05
0A
07
06
0B
06
06
05
05
05
0606
05
07
07
11
12
0B
0B
08
08
09
0808
07
0B
06
15
0E
08
0D
08
22
3E
0808
08
0F
08
0A
08
1A
07
34
10
0A
0B2D
08
09
0D
23
08
20
20
0F
16
0A
1F20
28
18
26
0D
0F
0F
11
10
0E
0B
2F10
13
0A
1B
25
2F
25
2B
1C
29
3B
2B40
3F
3E
3E
3E
3D
3D
3D
3D
3C
3C
3C3C
3C
3C
3B
3B
3B
3A
3A
3B
3A
3A
3A39
39
39
38
38
38
38
38
37
37
37
3737
37
36
36
35
35
35
34
34
34
34
3433
33
33
33
32
32
32
32
31
31
31
3131
30
30
30
30
30
2F
2F
2F
2E
2E
2E2E
2D
2E
2D
2E
2C
2C
2D
2C
2B
2B
2B2B
2B
2A
2A
2A
2A
2A
2A
2A
29
29
2929
28
28
28
28
28
27
27
27
27
27
2626
27
26
26
26
27
25
25
25
25
25
2525
25
24
24
24
24
24
24
23
23
23
2323
23
22
22
22
22
22
22
22
21
21
2C21
22
21
21
21
21
21
20
20
20
20
2020
1F
1F
29
1F
1F
1F
1F
1F
1F
1F
1F1F
1E
1E
1E
1E
1E
1E
1E
1E
1E
1E
1F1E
1E
1E
22
1F
1E
28
1E
1E
1E
1E
1E1E
1E
30
33
38
32
26
26
1F
1B
14
0E10
17
1D
1E
0F
18
1D
21
27
27
22
0C08
1C
1D
16
10
20
1D
07
20
1A
0C
1709
0D
08
0A
07
06
0D
08
06
0F
0D
050B
06
06
05
05
05
06
05
05
05
05
070B
14
10
0A
07
08
08
09
08
09
06
0A06
07
0B
06
06
0B
07
07
07
0B
0B
0F09
09
0C
09
1D
36
08
0A
0C
09
0B
0826
08
30
25
1D
14
0C
1B
28
0B
11
2130
0F
11
16
18
1B
20
28
1B
0C
0E
0E1A
24
2C
27
32
1F
28
3E
34
40
3F
3F3E
3E
3E
3E
3E
3D
3D
3D
3D
3C
3C
3C3C
3B
3B
3B
3B
3B
3B
3B
3A
3A
3A
3A39
39
39
38
38
38
38
37
37
37
37
3636
36
36
35
35
35
34
34
34
34
33
3333
33
33
33
32
32
32
31
31
31
36
3030
30
30
2F
2F
2F
30
2E
2E
2E
2E
2D2D
2D
2D
2C
2C
2C
2C
2C
2B
2B
2B
2B2B
2A
2A
2A
2B
2A
29
29
29
29
29
2928
28
2B
28
27
27
27
27
26
27
79
2626
26
26
26
26
27
25
25
25
25
24
2425
24
24
24
24
23
25
23
23
23
23
2323
22
22
22
21
22
21
21
21
21
21
2121
21
21
20
20
20
20
1F
20
20
20
2020
20
20
20
1F
1F
1F
1F
1E
1E
1E
1E1E
1E
1E
23
1E
1E
1E
1E
1E
1E
1F
1F1E
20
1F
1E
1E
1E
1E
1E
1E
22
1C
1D1D
1D
25
27
21
1C
13
1D
1C
22
2B
2E32
30
2E
2C
28
24
0E
0B
1B
25
21
1C1E
1E
15
17
19
0F
07
10
0A
09
10
0A07
06
07
07
06
09
05
0A
08
06
06
0505
05
05
06
06
05
05
07
0E
12
11
0C09
07
09
08
09
08
09
08
08
06
07
090C
0C
1E
08
06
12
13
38
18
08
09
0A09
3F
0C
0A
0A
0A
10
1D
17
31
06
3709
11
13
11
18
12
13
13
1D
1A
1C
311D
27
2C
0C
34
09
0D
24
0C
18
2A
2C30
33
28
31
3A
3C
40
41
3F
3F
3F
3E3E
3E
3E
3E
3D
3D
3D
3D
3D
3C
3C
3C3C
3C
3B
3B
3B
3B
3A
3A
3A
3A
3A
3939
39
38
38
38
38
38
37
37
37
36
3636
36
35
35
35
35
34
34
34
34
34
3333
33
33
32
32
32
32
31
31
31
30
3030
2F
30
34
2F
2F
2E
2E
2E
2E
2E
2D2D
2D
2C
2C
2B
2C
2B
2B
2D
2B
2B
2B2B
2A
2A
2A
2A
29
29
29
29
29
28
2828
28
28
28
27
27
27
26
26
26
26
2626
26
26
25
25
25
25
25
27
24
24
2424
24
24
23
24
23
23
23
23
23
23
2222
22
22
22
22
21
21
21
21
21
22
2121
20
20
20
20
20
20
21
20
1F
1F
1F20
1F
1F
1F
20
1F
1F
1F
1F
1E
1E
1E22
1E
1E
1E
31
26
1E
1F
1E
26
1F
1E1E
1E
1E
1E
1D
1D
24
1C
25
2D
28
211C
23
33
34
39
39
37
37
2F
29
1A
101C
0F
0C
1B
26
23
1C
14
13
1A
18
0F0A
08
0D
08
0A
14
0F
0B
06
07
07
050B
07
07
09
06
05
05
05
05
05
05
0605
05
06
07
0C
10
12
0A
09
08
07
0908
0A
0A
07
0A
06
06
06
06
09
06
0511
0A
0E
0E
1E
09
09
09
0B
22
37
080A
0B
08
34
08
1D
07
28
26
0B
0D
1C28
11
09
0C
25
1E
0C
3E
1E
33
1E
2D35
16
0E
16
30
11
17
34
2B
2F
37
2E39
3A
41
40
40
40
3F
3F
3F
3F
3F
3F3E
3E
3E
3E
3E
3D
3D
3D
3C
3C
3C
3C3C
3C
3B
3B
3B
3B
3A
3A
3A
3A
39
3939
39
38
38
38
38
38
37
37
37
36
3635
35
35
35
34
34
34
34
34
34
33
3333
33
32
32
32
31
31
31
30
30
30
3030
2F
2F
2F
2F
2F
2F
2E
2E
2D
2D
2C2C
2C
2C
2B
2B
2B
2B
2B
2B
2B
2B
2B2A
2A
2A
2A
29
29
29
29
28
28
28
2828
27
27
27
27
27
27
2D
26
26
26
2626
25
25
25
25
25
25
25
25
24
24
2424
24
23
24
23
23
23
23
23
23
22
2222
21
21
21
21
22
21
21
21
21
21
2121
20
20
22
20
1F
20
20
1F
1F
1F
1F1F
1F
1F
1F
1E
1E
1E
1E
1E
1F
1E
1F1E
1F
1E
1F
25
1F
31
1E
1E
1E
1D
1D1D
1D
23
31
38
24
31
3B
44
46
43
3C36
30
26
12
16
13
0A
1D
13
0D
1D
2521
1B
18
1B
1B
15
0A
06
05
08
0E
1312
18
0A
0B
0A
0E
07
07
07
05
0A
0606
06
05
05
05
05
06
05
06
05
07
070B
10
0F
0D
09
09
09
08
09
0A
0A
0805
0A
06
06
06
07
06
06
0C
0D
0E
1314
17
0E
0A
0B
09
44
07
0A
22
08
2B27
10
0E
08
3D
07
2C
0E
22
1B
0F
150D
10
29
1D
11
3E
24
3F
27
33
0B
1C32
1A
1A
1C
38
29
30
3B
34
3C
41
4140
41
40
40
40
40
3F
3F
3F
3F
3F
3F3E
3E
3E
3D
3D
3D
3D
3D
3C
3C
3C
3B3B
3B
3B
3B
3B
3B
3A
3A
3A
39
39
3939
38
38
38
38
38
38
37
36
36
36
3535
35
35
34
34
34
34
34
33
33
33
3332
32
32
31
31
31
31
30
30
30
30
302F
2F
2F
2E
2F
2E
2E
2D
2D
2D
2D
2D2C
2D
2B
2B
2B
2B
2B
2B
2B
2A
2A
2A2A
2A
2A
29
29
29
28
28
28
28
27
2727
27
27
27
26
26
26
26
26
26
28
2625
25
25
25
25
25
24
24
24
24
23
2323
23
23
23
23
23
23
22
22
22
22
2222
22
22
21
21
21
21
21
21
20
20
2020
20
20
1F
20
27
1F
20
20
1F
1F
1F1F
1F
1F
1E
1E
1E
1E
1F
2A
2A
1D
211E
1F
1F
1E
1E
1D
1E
1D
20
31
31
3A45
4D
47
40
36
26
1C
1F
20
2B
15
1418
0A
19
1D
10
13
21
1F
1B
1B
1C
1406
04
06
17
16
07
0D
10
1E
10
0B
0A07
06
07
07
07
08
07
06
0A
05
05
0505
06
05
05
05
08
07
07
0D
10
0D
0C0C
0A
0A
08
0F
0C
0A
0B
06
08
07
0606
06
06
06
0D
0A
0B
10
19
12
14
100B
09
3A
27
0A
0B
18
09
38
09
18
081B
19
27
2C
17
1D
15
0C
28
14
0F
2A23
27
38
40
21
43
0A
24
13
3D
0C
1C24
38
26
3E
40
3D
42
41
41
42
41
4141
41
40
40
40
40
3F
3F
3F
3F
3F
3E3E
3E
3E
3D
3D
3D
3D
3D
3D
3C
3C
3C3B
3B
3B
3B
3B
3A
3A
39
39
39
39
3939
38
38
38
37
37
37
36
36
36
35
3535
34
34
34
34
33
33
33
33
47
32
3132
32
31
31
31
30
31
30
30
30
2F
2F2F
2F
2F
2E
2E
2E
2D
2D
2D
2D
2C
2D2C
2B
2C
2B
2B
2B
2B
2D
2B
2A
2A
2A29
29
29
29
29
28
28
28
28
28
2E
2727
27
27
27
26
26
2A
26
26
26
26
2525
26
25
25
24
24
24
24
23
23
23
2323
23
23
23
26
23
22
22
22
22
22
2222
21
21
21
21
20
20
20
20
20
20
2620
20
20
20
20
1F
1F
1F
1F
1F
1F
1F1E
24
1E
1E
1D
1C
2C
1F
1F
1F
1F
281F
1E
1E
2C
40
41
40
39
2C
1D
21
201C
14
1D
1E
32
1E
1D
21
15
13
22
190E
22
1E
1B
1A
16
09
06
0B
13
18
1008
05
09
1B
1C
09
08
07
07
07
06
0807
07
05
08
07
05
05
05
06
05
06
0505
07
08
07
09
11
0D
0C
0C
0A
09
0A07
10
09
0B
09
06
07
06
06
06
0D
070F
08
0D
0B
0E
1B
12
14
13
0D
18
4709
0A
20
09
2F
09
12
09
08
32
07
3529
1A
0B
28
19
1E
24
0B
0C
23
25
3536
3F
24
1A
2A
35
25
11
25
2C
33
3B45
44
43
43
43
42
42
42
42
41
41
4141
41
40
40
40
40
40
3F
3F
3F
3E
3E3E
3E
3E
3E
3D
3D
3D
3D
3C
3C
3C
3B3B
3B
3A
3A
3A
3A
3A
39
39
39
39
3838
38
38
37
37
37
36
36
35
35
35
3534
34
34
34
34
34
33
33
32
33
32
3232
31
31
31
31
30
30
31
2F
2F
2F
2F2E
2E
2E
2E
2D
2D
2D
2D
2D
2C
2B
2C2C
2C
2B
2B
2B
2B
2B
2A
2A
2A
2A
2929
29
29
28
28
28
28
28
28
27
27
2727
27
26
26
26
26
26
26
25
25
25
2525
25
25
25
24
24
28
23
23
24
23
2323
23
23
23
23
22
22
22
22
22
22
2121
20
20
20
20
20
20
20
20
20
20
201F
22
20
1F
1F
1F
1F
1F
1F
1E
22
1E30
37
1E
1F
1E
1F
1F
1E
1F
24
2D
281D
1D
1F
21
1E
25
24
1D
1D
1C
1E
282F
1B
32
12
1C
25
14
0E
23
21
1C
150E
09
09
14
1A
13
0B
0A
0A
05
0E
2411
09
0A
0C
06
06
07
06
07
08
07
0705
05
05
06
06
05
05
05
06
0A
06
070B
0A
11
0C
0B
09
0A
08
0A
08
0E
3011
06
06
06
06
06
06
06
0F
06
0F
050E
0E
19
10
17
12
0F
4E
0F
0B
14
1819
0E
0D
0A
09
32
15
2F
2B
0B
18
1530
26
19
2E
16
0A
2B
24
47
33
39
1038
17
3D
0D
1D
34
2D
2E
45
44
44
4443
43
43
43
42
42
42
42
42
42
41
4141
40
40
40
40
40
3F
3F
3F
3F
3F
3F3F
3E
3E
3D
3D
3D
3C
3C
3C
3D
3B
3B3B
3A
3A
3A
3A
3A
39
39
39
39
38
3838
37
37
37
36
36
36
36
39
36
35
3535
34
34
33
33
33
32
32
32
32
32
3131
31
30
31
30
30
30
2F
2F
2F
2F
2E2E
2E
2E
2D
2D
2D
2C
2C
2C
2C
2D
2B2B
2B
2B
2B
2B
2A
2A
2A
2A
2A
29
2929
28
28
28
28
28
28
28
27
27
27
2727
26
26
26
26
26
27
25
25
25
25
2525
24
24
24
24
24
23
23
23
25
23
2323
23
23
22
22
22
22
22
21
21
21
2121
23
20
21
20
20
20
20
25
20
20
2020
20
1F
1F
1F
1F
1F
1F
1E
1E
1E
1F1E
1E
20
1E
25
26
1E
20
1E
1E
22
1E26
2B
24
27
2B
24
22
36
1C
35
22
1C25
1B
0F
20
22
1E
1B
0D
0C
0B
0E
1012
0C
0D
0E
08
0A
1E
21
0D
10
10
0B06
06
07
07
06
06
0C
06
05
07
05
0705
05
05
06
09
07
06
06
0C
0D
0C
1009
08
09
09
08
0B
07
2C
0A
11
06
0506
06
09
06
0D
06
0B
0D
0A
0D
0F
1D0F
13
14
31
38
0B
08
1C
0A
0C
0B
0B0D
13
2F
0E
2B
1E
17
16
16
1E
2E
0E27
16
09
1C
32
37
47
18
39
19
3C
1525
21
41
2B
3E
45
44
45
44
44
44
4443
43
42
42
42
42
42
42
42
41
41
4141
40
40
40
40
3F
3F
3F
3F
3F
3F
3F3E
3E
3D
3D
3D
3D
3C
3C
3B
3B
3B
3B3A
3A
3A
3A
3A
39
39
39
38
38
38
3737
37
37
36
36
36
36
35
35
35
34
3434
34
33
33
32
33
32
32
32
31
31
3131
31
30
30
30
30
2F
2F
2F
2E
2E
2E2D
2D
2D
2D
2E
2C
2C
2C
2C
2C
2C
2B2B
2B
2B
2A
2A
2A
2A
2A
29
29
29
2929
29
28
28
28
27
27
27
27
27
26
2626
26
26
26
25
25
25
25
25
25
25
2424
24
24
24
24
24
24
23
24
23
23
2323
23
22
22
22
22
21
21
21
21
21
2120
20
20
20
20
20
20
20
25
1F
1F
1F1F
1F
1F
1F
1F
1F
1F
1E
1E
2D
29
1F1F
1F
20
1E
1E
1D
24
2A
35
2E
2B
2F26
27
2E
2A
2B
34
10
20
1F
0F
1A
2112
11
0B
0B
0F
0E
1D
1E
0F
0F
10
0D08
15
27
1A
11
1E
16
0B
06
23
07
0806
07
07
05
07
05
07
05
05
05
05
0808
06
06
06
0D
0B
0D
0A
0D
0A
08
0808
08
0E
08
07
0C
0D
06
06
06
07
0607
07
06
11
08
0A
11
10
16
12
15
1525
0C
08
21
0B
0B
0B
0B
0D
09
2D
0A21
14
0E
0D
25
1B
14
30
17
1B
2D
082D
29
4B
31
3A
39
2A
37
1A
33
36
3C3B
46
45
45
45
45
44
44
44
44
44
4443
43
43
43
42
42
42
42
41
41
41
4141
40
40
40
40
40
3F
3F
3F
3F
3E
3E3E
3E
3D
3D
41
3C
3C
3C
3B
3B
3B
3B3A
3A
48
3A
39
39
39
38
38
38
38
3737
37
37
36
36
35
35
35
34
34
34
3433
33
33
33
33
32
32
32
31
31
31
3030
30
30
2F
2F
2F
2F
2F
2E
2E
2E
2D2D
2D
2D
2D
2D
2C
2C
2B
2B
2B
2B
2B2A
2A
2A
2A
2A
2A
29
29
2A
29
29
2828
28
28
28
28
27
27
27
27
27
26
2626
26
26
25
2A
25
25
25
24
24
24
2424
24
24
24
24
24
24
23
23
23
23
2222
22
22
22
21
21
21
21
21
21
21
2020
20
20
20
20
20
1F
20
1F
1F
1F
1F1F
1F
1F
1F
1F
1F
1F
1F
1E
1E
21
272D
2E
2B
36
23
1F
20
2B
29
1F
33
1E30
14
12
25
10
14
1F
0E
0D
10
10
0D0D
1E
1F
14
11
10
10
08
11
20
28
1111
25
0B
15
07
06
09
07
06
07
06
0607
07
06
05
06
06
07
09
06
06
05
060D
10
0D
0A
08
0A
0A
08
08
08
09
1007
09
0E
06
09
06
0A
1A
0B
07
0B
1108
0C
0A
14
13
14
14
16
15
0E
08
380B
0B
0C
0B
10
08
27
0B
1D
0D
0E
1D22
31
16
0C
2E
20
18
2F
08
2B
3F
353F
43
29
40
32
34
2B
44
3C
47
47
4646
45
45
45
45
45
45
44
44
44
44
4443
43
43
43
42
42
42
42
42
41
41
4141
40
40
40
40
3F
3F
3F
3F
3E
3E
3E3D
3D
3D
3C
3C
3C
3C
3B
3C
3B
3B
3A3A
3A
3A
39
39
39
38
38
38
38
38
3737
36
36
36
35
35
35
34
34
34
34
3434
33
32
32
32
31
31
31
31
30
30
3030
30
30
2F
2F
2F
2E
2E
2E
2E
2D
2D2D
2D
2D
2C
2C
2C
2D
2C
2B
2B
2B
2B2B
2B
2A
2A
2A
2A
2A
29
29
29
28
2828
28
28
27
27
27
27
27
26
26
26
2626
25
25
25
25
25
25
25
24
24
24
2424
24
24
24
24
23
23
23
23
22
22
2222
22
21
21
21
23
21
21
21
20
20
2020
20
20
20
1F
1F
20
1F
1F
25
1F
1F1F
1F
1F
26
28
28
27
21
1E
1F
30
201E
1E
2C
28
21
2B
25
14
10
11
23
1512
1F
12
17
15
0E
0A
14
1E
16
1A
1418
0E
0C
0D
23
26
21
0F
17
1F
08
1B09
06
06
07
09
10
06
07
06
08
05
0505
06
17
07
06
06
05
07
0D
10
12
0908
07
0C
09
07
09
0A
0C
11
08
05
0C08
06
0B
06
09
07
05
10
07
10
06
160A
15
15
18
18
13
0B
42
16
0B
0D
0A25
0A
1F
0B
0E
0D
0B
0F
0F
0F
2C
1D14
24
23
11
36
06
2F
3B
4B
47
3D
3546
28
3B
3E
47
47
47
47
47
47
47
4646
46
46
45
45
45
45
45
44
44
44
4444
43
43
43
42
42
42
41
41
41
41
4141
40
40
40
40
3F
3F
3F
3F
3F
3F
3E3D
3D
3C
3D
3C
3C
3B
3B
3B
3A
3A
3A3A
39
39
39
39
38
38
38
37
37
37
3736
35
35
35
35
34
34
34
34
34
33
3332
32
35
32
31
31
31
3A
31
31
30
2F30
2F
2F
2F
2E
2F
2E
2E
2D
2D
2D
2E2D
2C
2C
2C
2C
2C
2B
2B
2B
2B
2B
2B2B
2A
2A
2A
2A
29
29
29
28
28
28
2828
28
27
27
29
27
27
26
26
26
25
2525
25
25
25
25
25
25
25
24
24
24
2424
24
24
23
23
23
23
22
22
22
21
2122
21
21
21
21
20
20
21
20
20
20
2020
20
20
1F
1F
1F
1F
1F
1F
1F
21
1F1F
1F
1F
1F
29
2D
22
1F
1F
21
2C
251F
1F
10
12
11
17
19
15
1F
1A
15
0B0A
0F
1B
21
18
18
19
1C
16
0B
07
1F22
28
14
17
1D
10
0F
1B
06
06
06
0607
07
07
07
09
06
05
05
06
08
0F
0606
06
07
06
0B
10
10
0E
08
08
08
0A08
06
17
0A
0F
0F
05
09
0A
06
0C
0906
08
08
0F
07
0D
07
12
0C
0D
16
161C
16
0B
2C
2C
0D
0E
0B
1B
26
13
100C
0B
0B
0F
0C
1D
1B
26
24
11
1E
250F
38
07
38
4E
4D
4B
33
4A
37
38
4049
46
48
48
48
48
47
47
47
47
47
4646
46
46
46
45
45
45
44
44
44
44
4343
43
43
43
43
42
42
41
41
43
41
4140
40
40
40
40
40
3F
3F
3E
3E
3E
3D3D
3D
3C
3C
3C
3B
3B
3B
3B
3A
3A
3A39
39
39
39
38
38
38
37
37
37
36
3636
35
35
35
34
34
34
34
33
33
33
3233
32
32
32
31
31
31
30
30
30
30
2F2F
2F
2F
2F
2E
2E
2E
2D
2D
2D
2D
2D2C
2C
2C
2C
2C
2C
2B
2B
2B
2B
2B
2A2A
2A
2A
2A
29
29
28
28
28
28
28
2827
27
28
27
26
26
26
26
26
28
25
2525
25
25
25
25
25
26
24
24
24
24
2424
23
24
23
23
22
22
22
22
22
21
2121
21
21
21
21
21
20
20
20
20
20
2020
20
1F
1F
1F
1F
1F
1F
23
1F
1F
2028
24
1F
1F
20
28
27
1D
11
13
12
161A
1C
17
0F
12
09
09
0F
1A
20
1D
1C16
1B
1C
1E
10
06
1C
21
21
1C
0F
1E1C
0B
13
1E
06
06
05
1C
07
07
07
0609
06
06
06
09
09
07
07
06
05
07
070B
12
0F
0F
08
0B
0A
09
09
06
27
0E09
0C
0C
05
0A
06
0B
07
06
07
06
0E07
11
06
0C
0E
08
12
1E
1A
28
0B
332B
15
0E
12
15
31
0A
13
12
0B
0A
0C0A
16
0E
23
2D
2C
0E
1D
27
15
30
0D4C
4E
4D
38
4C
44
36
45
4A
4A
49
4949
48
48
48
48
48
47
47
47
47
47
4746
48
48
47
46
46
45
45
45
44
44
4443
43
43
42
42
42
42
41
42
41
41
4141
41
40
40
40
3F
3F
3F
3E
3E
3D
3D3D
3C
3C
3C
3B
3B
3B
3A
3A
3A
39
3939
38
38
38
37
39
37
37
37
36
36
3535
35
35
34
34
34
33
33
33
32
32
3232
32
32
31
31
33
30
30
30
2F
2F
2F38
2F
2E
2E
2E
2E
2D
2D
2D
2D
2D
2D2C
2C
2C
2C
2B
2B
2B
2B
2B
2A
2A
2A2A
2A
29
29
28
28
28
28
28
28
28
2727
27
27
26
26
26
26
26
25
25
25
2525
25
25
25
24
24
24
24
23
23
23
2323
23
24
22
22
22
22
22
21
21
21
2221
2D
21
21
20
20
20
20
20
20
20
201F
1F
1F
1F
20
1F
20
22
27
1F
1F
1F20
27
19
12
15
1A
20
1C
13
09
13
0E22
1C
18
1E
26
1C
1C
1B
1C
19
1F
1C09
13
25
23
1D
16
16
25
14
14
16
1905
22
05
10
07
07
06
09
07
06
05
090A
06
07
06
08
08
05
06
0B
0F
0F
0B0A
09
0C
08
09
0A
07
1F
0F
08
0C
0C0F
08
09
07
07
07
07
0E
07
0E
07
0707
0F
0C
2C
2E
1C
15
24
3B
25
0C
2A24
30
0A
0D
15
0A
0B
0A
0A
0F
0E
261A
2E
2B
11
1D
24
12
23
35
50
4E
3E4D
4D
3C
47
4B
4B
4A
4A
49
49
49
4949
49
48
48
48
48
48
43
43
40
46
4844
47
47
47
46
46
45
45
44
44
43
4343
43
43
42
42
42
42
42
42
42
40
4141
41
40
40
3F
3F
3F
3E
3D
3D
3D
3C3C
3C
3B
3B
3B
3B
3A
3A
39
39
39
3838
38
38
37
37
37
37
37
36
35
35
3534
34
34
34
33
33
33
33
33
32
32
3232
31
31
31
31
30
30
30
30
2F
2F
2E2E
2E
2E
2E
2D
2D
2D
2D
2D
2C
2C
2C2C
2C
2C
2C
2B
2B
2B
2B
2A
2A
2A
2A2A
29
29
29
29
28
28
28
28
28
27
2727
27
27
27
26
26
26
25
26
28
25
2525
24
24
24
24
24
25
24
23
23
23
2323
22
23
22
22
22
22
21
21
21
21
2121
21
20
20
20
20
1F
20
1F
20
20
1F20
20
20
23
1F
20
20
20
1E
18
16
1B21
1E
13
0B
1A
1D
1C
2E
1B
1B
24
2126
1F
1C
1F
21
1B
20
15
03
26
29
211E
13
1D
25
0F
16
16
18
06
05
2E
0607
06
06
08
06
05
06
09
06
06
07
0807
08
06
05
0B
0F
11
0C
09
09
0B
0907
11
0D
0C
07
13
07
0B
0A
06
07
0607
07
06
10
06
07
07
0B
05
0D
0D
0E21
18
12
18
2A
2A
0C
36
34
35
17
0C23
0D
0B
0A
0B
10
0D
1E
2A
0B
2D
2E18
1C
1D
28
23
48
50
40
4E
4E
43
4C4C
4C
4B
4B
4B
4B
4A
4A
4A
49
49
4A4A
48
43
41
43
39
3A
42
44
42
43
4848
47
47
5A
45
45
45
44
44
44
44
4444
42
44
41
3B
3D
3D
43
43
41
40
4040
40
3F
3F
3F
3E
3E
3D
3D
3D
3C
3C3C
3C
3B
3B
3A
3A
3A
3A
39
39
39
3938
38
37
37
37
36
36
36
35
35
35
3434
34
34
33
33
34
33
32
32
32
31
3232
31
32
30
30
30
30
30
2F
2F
2F
2F2E
48
2D
2E
2E
2D
2D
2D
2D
2C
2C
2C2C
2B
2C
2B
2B
2B
2B
2A
2A
2A
29
2929
29
28
28
28
28
28
28
28
27
28
2727
26
26
26
26
26
25
25
25
25
25
2524
24
24
24
24
23
23
23
23
23
22
2222
22
22
22
21
21
21
21
23
21
21
2021
37
20
20
24
20
20
20
20
20
20
2020
20
1F
1D
19
1B
1F
1C
13
0F
14
281C
1E
25
1B
21
33
22
26
22
20
21
251D
1F
1D
09
14
2D
2B
1E
19
0E
24
1D19
16
15
13
11
06
24
06
07
06
07
0805
06
08
07
05
07
06
08
09
06
06
070B
11
0F
0F
0E
08
0A
0A
08
27
09
1108
09
11
07
0D
07
0A
07
07
07
06
0F07
07
07
10
05
0C
0E
0C
0F
1B
1B
0F14
2E
15
30
47
3D
2D
0D
2D
18
0A
0C0B
10
0D
13
2B
21
0A
32
29
1A
1A
1833
2A
51
4A
50
4E
4A
4B
4D
4D
4C
4C4C
4B
4B
4B
4B
4B
4B
46
3F
38
3D
453C
3C
36
34
3C
3C
45
3C
47
49
48
4D46
46
46
46
45
45
45
45
45
3D
46
3835
2F
40
40
32
32
3F
40
42
41
40
4040
3F
3F
3F
3E
3E
3D
3D
3D
3C
3C
3B3B
3B
3B
3A
3A
3A
39
39
39
3B
38
3837
38
37
37
36
36
36
35
35
35
34
3434
34
33
33
33
32
32
32
32
32
32
3131
30
32
30
30
30
30
30
2F
2E
2E
2E2E
2E
2E
2D
2D
2D
2D
2D
2C
2C
2C
2C2C
2B
2B
2B
2B
2B
2A
2A
2A
2A
29
2929
28
28
28
28
28
29
27
27
27
27
2726
29
26
26
28
25
25
25
25
24
24
2424
24
24
23
23
23
23
23
23
22
22
2222
21
21
21
B7
21
21
21
21
21
20
2020
20
20
20
20
20
20
20
20
22
20
1D20
1F
16
12
15
28
2D
17
25
21
29
303A
32
1F
2B
22
20
26
29
1A
21
18
0825
30
2A
1F
1D
0C
28
16
1B
18
12
0F18
41
05
22
07
07
09
07
05
07
06
0606
05
08
07
08
07
07
05
0B
10
0E
100C
0E
07
0B
09
08
16
18
17
08
0C
0C07
0A
0A
07
07
07
05
0E
07
0D
07
1005
10
0C
19
0E
11
14
0C
0E
13
25
3447
46
36
11
35
25
0A
10
0B
13
0D
0D22
2A
15
0B
35
25
1F
22
0F
3F
3C
5051
4F
4F
4D
4E
4E
4D
4D
4D
4D
4C
4C4C
4C
4C
4C
4D
4C
41
30
2D
35
35
2E2D
37
34
39
38
49
4A
48
48
47
47
4747
46
47
46
3F
38
44
38
2D
24
3A
2B2A
31
36
44
44
42
41
40
40
40
40
3F3F
3F
3E
3E
3E
3E
3D
3D
3C
3C
3B
3B3B
3B
3A
3A
3A
39
39
39
39
38
38
3838
37
36
36
36
36
35
35
34
35
34
3433
33
33
33
33
33
32
32
32
31
31
3131
31
31
30
30
32
2F
2F
2F
2E
2E
2E2E
2E
2D
2D
2D
2D
2D
2C
2C
2C
2B
2B2B
2C
2B
2A
2B
2A
2A
2A
29
29
29
2928
28
28
28
28
28
27
27
27
27
26
2626
26
26
26
26
25
25
25
24
25
24
242A
24
24
23
23
23
23
22
2D
22
21
2244
21
21
21
21
21
21
21
21
20
2B
2020
20
20
20
26
21
22
22
17
09
16
2B38
2A
17
22
28
3B
3A
3A
3C
1D
2B
2924
25
2D
24
1C
22
0A
23
2A
34
29
201A
12
20
17
18
19
11
13
07
1C
36
0606
07
09
06
05
07
05
06
07
06
06
0807
07
08
05
0B
0E
10
0C
0C
0C
05
3C0B
09
2B
45
3A
1B
3A
09
07
09
08
0707
07
08
0B
07
0D
07
0E
06
0C
0C
2020
11
0F
0C
19
14
16
32
5A
4A
37
2336
2C
0C
0F
0F
0F
0A
0D
19
1E
30
130E
3A
1F
36
21
28
3E
4D
52
50
50
5050
4F
4F
4F
4E
4E
4E
4D
4D
4D
4D
4B44
44
3D
3A
34
2B
1A
19
17
1C
2E
351E
3B
4B
4B
49
49
48
48
48
48
48
4735
39
3E
31
1D
1B
2E
2B
2A
31
33
3A3F
43
42
41
41
41
41
40
40
40
3F
3F3F
3E
3E
3E
3D
3D
3C
3C
3C
3B
3B
3B3B
3A
3A
3A
3A
39
39
39
38
38
38
3737
36
36
36
36
35
35
35
35
34
34
3333
33
33
33
33
32
32
32
32
31
31
3130
31
30
30
2F
2F
2F
2F
2E
2E
2E
2E2E
2E
2E
2D
2D
2D
2D
2C
2C
2C
2B
2B2B
2B
2B
2B
2B
2A
2A
29
29
29
29
2828
28
28
28
27
27
27
27
27
26
26
2A26
26
26
25
25
25
25
25
24
24
24
2424
23
23
23
23
23
23
22
22
22
22
2222
21
21
21
21
23
21
21
21
21
25
2522
24
1B
0B
0D
28
3B
39
23
1C
22
3945
3B
37
3D
2C
22
31
2A
21
27
30
221E
1A
12
2F
2E
36
25
21
19
17
11
1A18
16
10
0D
07
06
21
25
06
09
07
0607
06
06
07
06
07
07
07
08
09
05
050A
0D
0D
0B
11
13
35
19
49
08
1E
2A46
3C
32
0A
07
07
07
07
07
07
0C
0606
0A
07
08
06
08
0A
0F
0A
0D
0E
150B
21
0F
12
5D
57
38
35
2E
2A
17
131E
08
09
08
10
13
1D
35
25
0D
3B
2146
1B
45
3D
52
52
51
51
50
50
50
4F4F
4F
4F
4E
4E
4E
4D
4D
4B
48
46
433D
2D
1E
19
0E
16
13
27
29
1D
4A
4C4B
4A
49
49
49
49
49
38
37
39
25
2B09
22
22
24
26
22
2A
2E
3F
44
43
4342
42
41
41
41
41
40
40
3F
3F
3F
3E3E
3E
3E
3E
3D
3D
3D
3C
3C
3B
3B
3B3A
3A
3A
3A
39
39
38
38
38
37
37
3737
36
36
36
35
35
35
34
34
34
34
3333
33
33
32
32
32
32
31
31
31
33
3132
30
2F
30
2F
2F
2F
2E
2F
2E
2E
2E2E
2D
2D
2D
2D
2D
2C
2C
2C
2B
2B
2B2B
2B
2B
2A
2A
29
2A
2A
29
29
29
2928
2F
28
28
27
27
27
27
26
26
26
2626
25
25
25
25
25
25
28
24
24
24
2424
23
23
22
22
22
22
23
22
22
22
2121
21
21
21
21
27
23
25
20
0F
0E
1B39
42
33
1C
20
2B
45
44
38
31
3C
3B1D
2B
31
27
27
2B
2E
25
1C
09
2B
2D33
38
21
23
1E
15
19
16
1F
1A
0D
1408
09
05
12
07
07
06
06
06
05
08
0607
06
06
09
07
09
05
05
0A
0C
0C
0C0A
0E
24
0F
26
28
14
27
5D
3B
4C
0607
1F
07
07
07
07
0B
06
06
0B
07
0606
0E
21
08
08
0D
20
26
16
09
3C
263B
60
3E
4A
2D
2C
2D
1D
21
19
0B
0810
14
14
29
23
24
1F
33
47
41
26
4B4C
53
52
52
52
52
51
50
50
50
50
4F4F
4F
4F
4E
4C
4A
43
3A
37
3C
34
333D
2C
22
1F
29
09
2B
3D
4B
4B
4B
4A4A
46
4B
2F
33
33
0C
24
1C
1C
2B
312E
23
27
25
38
43
44
44
43
43
43
4242
41
41
41
40
40
40
40
3F
3F
3E
3E3E
3E
3E
3D
3D
3C
3C
3C
3B
3B
3A
3A3A
39
39
39
38
38
38
38
37
37
37
3736
36
36
35
35
35
34
34
34
34
33
3333
32
32
32
32
32
32
31
31
31
31
3131
30
30
30
2F
2F
2F
2F
2E
2E
2E
2E2D
2D
2D
2C
2C
2C
2C
2B
2B
2B
2B
2B2B
2B
2A
2A
2A
2A
29
29
29
29
28
2828
28
28
29
28
27
27
27
26
26
26
2626
25
25
25
25
25
25
24
24
24
24
2323
23
23
23
23
23
22
22
22
21
21
2328
25
22
13
0E
17
27
41
3F
28
1F
2435
4B
3F
2F
2E
37
3F
2B
29
35
2E
2424
30
2A
24
17
16
36
2A
38
35
22
2517
08
30
17
29
17
14
16
06
1C
07
1007
07
06
06
06
06
08
07
06
06
06
080B
06
06
05
0A
0D
0C
0B
09
1B
07
1022
2B
25
16
3A
65
2C
31
0A
2D
07
0707
07
0A
06
06
0C
07
0A
06
0F
06
0707
08
0F
2D
33
0A
09
3B
3A
45
46
572A
39
34
2F
1F
33
08
0C
0C
1B
15
1F2A
21
1C
34
33
59
34
45
47
54
53
5353
52
52
52
51
51
51
51
50
50
50
504F
4E
4B
4A
42
34
25
1B
1F
27
35
3128
23
12
28
3A
3C
4D
4B
4B
4B
3F
322E
2B
1B
1A
20
29
33
2A
15
16
29
3039
3D
46
45
44
44
43
43
43
42
42
4241
41
41
40
40
40
3F
3F
3F
3E
3E
3E3E
3D
3D
3D
3C
3B
3B
3B
3B
3A
3A
3A39
39
39
39
38
38
37
37
37
37
37
3736
36
36
35
35
35
34
34
34
33
33
3333
32
32
32
32
31
31
31
31
31
30
3030
30
30
2F
2F
2F
2E
2E
2E
2E
2E
2D2D
2D
2C
2D
2C
2C
2B
2B
2B
2B
2B
2B2A
2A
2A
2A
29
29
29
29
28
28
28
2828
28
27
27
27
27
26
26
26
26
26
2625
25
25
25
25
25
24
24
24
23
23
2323
23
22
23
22
22
27
2A
23
15
11
1619
31
46
39
24
25
24
3E
4E
3A
2D
2D33
40
3C
22
2F
37
26
28
26
32
2C
210D
29
37
29
3A
31
22
20
14
21
2D
1D26
22
11
14
0C
2F
0D
14
07
06
07
0605
08
08
07
07
06
08
07
0A
06
05
050A
0C
0B
09
0C
0D
23
07
0A
21
34
281F
58
41
4B
1F
25
08
08
07
06
12
0606
0B
07
08
07
0E
06
07
07
0C
09
2718
37
0D
21
42
3F
4D
5C
34
49
48
291D
43
07
1C
0B
15
13
0B
2A
11
33
0C36
4E
54
30
51
55
54
54
54
54
53
5353
52
52
52
51
52
51
50
50
50
50
4F4F
4B
48
44
40
3F
32
2E
31
2C
23
1126
31
48
4E
4E
4B
35
34
26
23
33
1E22
33
37
33
2D
28
2F
36
33
43
47
4645
45
44
44
44
44
43
42
43
42
42
4241
41
40
40
40
40
3F
3F
3F
3E
3E
3E3D
3D
3D
3C
3C
3C
3B
3B
3A
3A
3A
3939
39
38
38
38
37
37
37
37
37
37
3636
36
35
35
35
34
34
33
34
34
33
3333
32
32
31
32
31
31
31
30
30
30
3030
30
2F
2F
2F
2E
2E
2E
2E
2E
2E
2D2D
2D
2C
2C
2C
2C
2C
2C
2B
2B
43
2A2A
2A
2A
29
29
29
29
28
28
28
28
2828
27
27
27
27
27
26
26
26
26
26
2525
25
25
24
24
24
24
23
23
23
23
2323
2B
2A
19
14
18
1A
1D
3C
47
31
2728
26
42
4F
33
2E
2E
2E
3D
3D
29
3335
2E
27
29
29
2B
31
18
13
31
38
283B
2E
20
21
10
28
1E
21
2A
19
0E
170A
16
0A
07
07
06
07
06
07
08
08
0707
06
06
0B
07
07
06
07
0B
0E
0B
090F
0A
28
33
07
2C
2A
30
2A
32
38
5045
08
07
2E
06
07
30
06
06
09
06
0807
0B
07
07
07
30
0D
0C
09
36
1D
2438
42
41
61
3E
51
54
2B
37
42
05
2A0B
0C
25
0D
2E
17
2F
2C
28
46
5D
4750
56
55
55
55
54
54
54
54
53
53
5352
52
52
52
52
52
51
51
52
51
50
4C3D
3A
3E
33
34
33
28
29
18
2F
35
4C50
45
3E
31
1C
23
36
2B
29
38
21
2337
3A
3D
3F
47
49
49
57
46
46
46
4545
45
44
44
44
43
43
42
42
42
42
4141
41
40
40
3F
3F
3F
3F
3E
3E
3E
3D3D
3C
3C
3C
3B
3B
3B
3B
3A
3A
39
3939
39
38
38
38
37
37
37
37
37
36
3636
35
35
35
34
34
34
34
34
33
33
3233
32
32
32
32
32
31
31
30
30
30
302F
2F
2F
2E
2E
2F
2E
2E
2E
2E
2E
2D2D
2C
2C
3E
2B
2B
2B
2B
2B
2B
2A
2A29
2A
29
29
2D
29
29
28
28
29
27
2827
27
27
27
26
26
26
26
26
26
25
2525
25
24
24
24
24
23
25
2B
21
18
1A1A
1B
22
45
47
2A
2A
2A
27
49
4E
2F2F
2F
2C
3B
3B
3B
27
32
3E
21
33
212E
2A
2D
0F
24
35
36
2D
3C
2C
21
2108
20
17
26
22
17
0D
19
36
07
21
0707
07
06
22
1B
07
07
08
07
06
07
0909
07
06
07
07
0F
0C
0C
08
1E
0A
2816
4A
2F
37
26
3D
46
63
3F
11
25
3905
32
15
06
07
09
06
0A
07
08
08
0808
22
1C
09
08
09
40
2D
2D
4F
46
504F
57
5E
0F
4D
45
05
39
0D
0B
25
1908
39
26
53
1C
42
5B
5A
46
58
57
5656
56
55
55
55
54
54
54
54
54
53
5354
53
50
4A
50
53
52
4E
51
41
2C
2D28
27
2A
35
15
2D
2D
48
4D
50
38
2824
22
2A
32
42
3B
34
37
2E
3F
45
4C4B
4A
4A
49
48
47
46
46
46
46
45
4545
44
44
43
43
43
43
42
42
41
41
4140
40
40
40
3F
3F
3F
41
3E
3D
3D
3C3C
3C
3C
3C
3B
3B
3B
3A
3A
3A
39
3939
39
38
38
38
37
37
37
37
36
36
3635
35
35
35
35
34
34
34
33
33
33
3232
32
31
32
31
31
31
30
36
33
30
2F30
2F
2F
2E
2E
2E
2E
2E
2D
2D
2D
2C2C
2C
2C
2C
2B
2B
2B
2B
2A
2A
2A
2A2C
29
29
29
29
29
2D
28
28
28
28
2727
27
27
26
26
26
26
26
26
25
25
2525
24
26
29
1C
1D
1D
1D
1E
29
4D
4428
2C
2B
28
4A
4E
2B
2E
30
2B
35
3D41
26
39
35
33
2A
30
1E
2D
2F
25
1830
3A
33
30
3C
28
21
1C
0C
10
1B
1F22
15
10
24
08
1B
13
07
07
07
08
2726
08
06
0A
07
07
08
07
08
07
07
060D
0E
0A
0B
08
26
17
25
23
12
58
3838
28
5B
58
50
21
46
2B
0B
38
1D
0608
07
07
09
06
0B
09
0A
07
08
0D
081A
09
20
1E
4D
38
53
44
5D
61
59
1A5C
47
0A
40
0F
1E
22
20
1B
30
21
573C
2F
5C
5B
4F
55
58
57
57
57
57
5656
55
55
55
55
55
55
55
56
55
54
5043
37
41
4C
44
43
41
38
30
2F
3C
352E
38
31
22
48
42
37
2F
2F
24
34
3234
2F
37
18
33
3B
38
45
4A
3D
41
4A49
48
47
47
47
47
46
46
46
45
45
4544
44
44
43
43
43
42
42
41
41
41
4140
40
40
3F
3F
3E
3E
3E
3E
3D
3D
3C3C
3C
3C
3B
3B
3A
3A
3A
3A
39
39
3939
38
38
38
38
37
37
36
36
36
36
3635
35
35
35
34
34
34
33
33
33
33
3232
32
32
32
31
31
31
31
31
30
30
3030
2F
2F
2E
2E
2E
2E
2E
2D
2D
2D
2C2C
2C
2C
2B
2B
2B
2B
2B
2A
2A
2A
2A29
2A
29
29
28
28
28
28
28
27
27
2727
26
26
26
26
26
26
25
25
29
29
1E21
1E
1F
21
31
50
3E
2A
30
2C
27
4C4C
29
2E
32
2B
2F
48
3A
39
26
3A
4123
33
28
22
2F
32
17
2D
2E
3B
31
343C
24
22
16
13
09
1F
21
21
17
18
2409
05
24
07
07
07
07
2F
09
07
08
0707
07
07
08
0A
08
06
05
0B
0D
0C
0B09
0E
37
09
38
1F
26
5A
41
37
41
6C45
38
60
24
36
44
28
06
07
07
07
0D07
08
0C
09
08
0A
0E
0A
0C
31
08
074E
2D
56
55
61
61
4D
48
61
44
2C
3A0D
3A
1A
21
27
2B
40
3E
56
25
4F
5C5A
51
5A
59
59
58
58
58
58
58
58
5857
56
52
45
3A
41
3E
41
40
2F
24
2434
41
40
3A
39
36
37
37
34
31
2D
331E
27
3A
32
22
2C
33
34
34
2E
2E
3339
19
36
2F
2A
3F
3D
41
4A
49
49
4848
48
48
47
47
46
46
46
46
45
45
4544
44
43
43
42
42
42
42
41
41
41
4040
3F
3F
3F
3F
3E
3E
3E
3D
3D
3D
3C3C
3B
3B
3B
3B
3A
3A
3A
39
39
39
3838
38
38
38
38
37
37
37
36
36
36
3635
35
35
34
34
34
33
33
33
33
33
3232
32
31
31
31
31
31
30
31
30
30
302F
2F
2F
2F
2E
2E
2D
2D
2D
2D
2D
2D2C
2C
2C
2B
2B
2B
2A
2A
2A
2B
29
2929
29
29
28
28
28
28
28
27
27
27
2727
26
26
26
26
27
23
20
20
21
23
3452
38
2D
32
28
25
4B
4D
28
2D
34
2C2B
47
3A
45
25
38
39
3D
25
38
1F
2B30
31
10
3C
30
3D
2E
39
3A
22
22
111D
12
1E
21
22
1A
1B
31
13
07
07
0707
07
07
30
07
16
1D
07
07
07
07
0D09
08
06
07
09
0B
0F
08
0B
08
26
2007
44
0B
39
53
31
3E
57
4B
59
60
394A
5F
0A
07
07
09
07
0B
07
07
0C
0908
0C
0C
09
10
1F
1F
07
38
3F
50
5F5B
61
4C
5C
62
3D
43
31
24
3B
22
190B
46
3B
38
5A
42
41
5D
5B
5A
5A
5A5A
5A
5A
5A
59
5A
5A
54
4F
43
3D
3C2B
25
26
30
37
3A
18
25
12
1F
17
1F27
2E
2C
34
32
33
2E
10
27
14
1F
3238
41
2B
42
25
1E
27
0F
24
35
23
2631
31
40
46
4B
4A
4A
49
49
B2
47
4848
48
4A
47
47
46
46
46
45
45
45
4444
43
43
42
42
42
41
41
41
40
40
403F
3F
3F
3F
3E
3E
3D
3D
3D
3D
3C
3C3C
3B
3B
3B
3A
3A
3A
3A
39
39
39
3938
38
38
38
37
36
36
36
36
36
36
3535
34
34
34
34
33
33
33
33
33
32
3232
32
31
31
31
31
31
30
30
30
30
2F2F
2F
2F
2E
2D
2E
34
2D
2D
2C
2C
2C2B
2B
2B
2B
2C
2A
2A
2A
2A
2A
29
2929
29
29
29
28
28
27
27
27
27
26
2627
23
22
22
24
24
39
51
33
30
32
2624
47
4F
29
2E
34
2D
2A
3E
41
3F
3622
43
3E
31
30
36
19
31
32
27
22
3E30
3D
29
3B
34
23
1F
16
18
19
1D
2122
1F
1D
25
0A
07
07
08
06
07
07
0808
07
0D
07
07
07
0E
0B
0A
08
05
0808
0C
0F
09
0B
09
0D
2A
25
19
29
3C4A
40
5A
3E
54
69
5A
52
5E
58
0E
071E
06
28
0B
07
07
0B
0A
08
0B
07
080D
21
1E
0C
06
35
54
63
5F
5D
5B
6262
34
57
2C
39
36
1F
17
18
4F
27
5945
53
3B
5D
5D
5C
5C
5C
5C
5C
5D
5C51
4A
35
2B
35
1E
2C
2A
2B
2B
29
1D17
26
28
14
21
13
1C
34
31
32
36
2F32
19
20
18
15
17
25
19
3B
38
3A
2B14
28
2C
20
13
2B
33
30
30
2D
31
3F49
4C
4D
4B
4A
49
49
49
49
49
49
4848
47
47
46
46
46
45
45
45
45
46
4443
43
43
42
43
41
41
41
40
40
40
3F3F
3F
3F
3F
3E
3D
3D
3D
3D
3C
3C
3C3C
3B
3B
3A
3A
3A
39
39
39
39
38
3838
37
37
37
37
37
37
36
36
36
35
3535
35
34
34
34
33
33
33
32
32
32
3231
31
31
31
30
30
30
30
30
2F
2F
2F2F
2E
2E
2E
2E
2D
2D
2D
2D
2C
2C
2C2C
2B
2B
2B
2B
2B
2A
2A
2A
29
29
2929
28
28
28
28
27
26
26
24
24
24
2525
3E
50
2F
35
2F
26
25
46
51
2B
2C35
2D
2A
38
3B
3B
44
25
30
3F
46
233A
2E
23
33
34
1B
2B
3E
2F
3E
26
3D2A
22
1B
1E
14
20
1F
22
26
25
1D
2128
08
07
07
07
06
08
08
08
0B
08
0807
0C
0C
0A
09
09
05
07
08
0A
11
0908
0F
0A
11
3E
2A
18
44
33
52
4C
6153
6E
64
5F
6C
4D
14
19
37
27
42
0A08
06
0E
0B
07
0B
08
08
08
23
1A
2E0E
0B
56
65
64
62
63
63
63
40
53
433E
3F
22
1E
2F
46
36
5A
45
59
55
525E
5D
5E
5E
5E
59
51
3A
28
17
15
0907
0E
0F
2D
2E
2A
25
2C
24
20
21
1908
12
08
05
24
15
21
0C
3A
2E
1D
0E08
0D
04
2B
3D
2D
30
23
13
21
2B
292D
2E
39
39
36
2C
1B
1C
35
4C
4D
4C4B
4B
4B
4A
4A
4A
4A
49
49
48
48
4847
47
46
46
46
45
45
45
44
44
44
4443
42
42
42
41
41
41
41
40
40
40
3F3F
3E
3E
3E
3E
3E
3D
3D
3C
3B
3B
3B3B
3B
3B
3A
3A
3A
39
39
39
39
38
3838
37
37
37
37
36
36
36
36
36
35
3434
34
34
34
33
33
33
33
33
32
32
3232
32
31
30
30
39
31
2F
2F
2F
2F
2F2F
2E
2E
2E
2E
2D
2D
2D
2D
2C
2C
2C2B
2B
2B
2B
2A
2A
2A
2A
2A
29
29
2828
28
27
25
26
26
26
26
40
50
2C
362D
26
25
3F
53
2D
2B
36
31
28
33
3741
41
31
24
3D
41
3E
27
3F
23
2F
3236
11
2F
3E
32
3E
29
38
29
22
16
2117
23
21
22
25
1E
1E
26
21
21
07
0707
06
0B
08
1A
07
07
06
0C
0A
08
090F
08
05
08
07
0D
0E
0C
08
0E
0C
0C10
41
3E
15
5D
21
63
4A
65
61
6B
6C6C
51
1A
42
34
4F
2C
07
07
11
0C
0B07
0C
07
07
07
15
22
33
19
1B
31
6665
65
64
64
5D
55
59
40
4E
46
24
363F
37
4F
47
53
5A
60
4D
5F
5F
5F
6058
3E
1A
16
19
1D
1B
22
2F
23
22
1405
0D
28
3A
29
2E
17
18
18
0E
06
0909
0A
0D
2C
22
2B
10
1A
0B
21
23
1538
37
3C
20
16
22
2D
2B
3A
32
38
3232
2D
20
2D
40
4A
4F
4D
4D
4C
4C
4C4B
4B
4B
4A
4A
49
49
49
49
48
48
4747
47
46
46
45
45
45
45
44
44
43
4343
42
42
41
41
41
41
40
40
40
3F
3F3F
3E
3E
3E
3D
3D
3C
3C
3C
3C
3C
3B3B
3B
3A
3A
3A
39
39
39
39
38
38
3838
37
37
37
37
36
36
36
36
35
35
3534
37
34
33
33
33
33
33
32
32
32
3232
31
31
30
31
30
30
30
30
30
2F
2E2E
2E
2E
2D
2D
2D
2D
2D
2C
2C
2B
2B2B
2B
2B
2B
2A
2A
2A
29
29
28
26
2827
27
27
40
49
2E
35
2A
27
26
38
542E
2B
37
33
28
2D
3C
39
3E
41
24
2547
46
31
30
3E
19
36
2E
30
1C
34
3C36
3B
2B
38
28
22
19
22
1A
23
23
2122
20
25
26
1B
15
08
07
06
3D
08
093A
07
06
0C
0C
07
08
0C
15
07
05
0807
2C
0E
10
08
0B
0C
0C
09
28
43
4444
61
3F
69
63
60
6A
6D
69
53
3A
5448
51
26
23
08
08
0A
08
19
29
15
0708
0C
29
0F
24
3C
0E
54
67
65
65
645C
64
64
45
5B
42
25
4D
42
2F
5F
3461
52
61
53
60
60
60
4C
41
30
13
272D
31
28
26
1A
22
32
19
1B
2B
31
1233
25
27
24
13
08
07
07
0B
1A
08
1012
28
1B
0A
0D
0B
1E
27
23
35
24
2138
31
36
38
36
36
3A
2F
1C
22
2D
2822
3A
4A
4F
4E
4D
4D
4D
4C
4C
4B
4B4B
4B
4A
49
49
49
49
48
48
48
47
4747
46
46
45
45
45
45
48
44
43
43
4342
42
42
41
41
41
40
40
40
3F
3F
3F3E
3E
3E
3D
40
3C
3C
3C
3C
3C
3B
3B3B
3B
3A
3A
3A
39
39
39
39
38
38
3838
37
37
37
37
37
36
36
36
35
35
3534
34
33
33
34
33
32
32
32
32
32
3131
31
31
31
30
30
30
2F
2F
2F
2F
2E2E
2E
2E
2D
2D
2C
2C
2C
2C
2C
2C
2B2B
2B
2A
2A
29
28
29
29
28
28
42
412F
34
29
28
27
32
54
32
2B
37
34
272B
3E
2B
44
43
2D
26
31
49
49
24
3837
22
35
33
28
29
38
3B
38
38
31
3323
1C
21
20
1F
23
23
20
22
21
24
2F0C
08
07
07
0D
23
18
09
08
06
0A
0F07
06
0B
0D
0D
06
05
08
07
11
0F
1109
0B
0A
0D
0E
11
3F
48
37
64
4B
526B
6D
6A
6D
6D
4D
59
60
63
4F
43
1507
2A
13
3C
2B
2D
2A
07
09
0B
27
0E0E
28
37
3D
67
66
66
65
65
65
5D
585E
4B
39
5F
40
36
63
49
5A
57
62
6159
62
4C
57
2B
2F
34
2B
2E
12
1C
1C26
2D
19
32
2E
1C
2E
33
31
2C
29
1A12
18
0E
07
08
0A
07
0F
06
19
21
132B
1F
0F
26
21
26
1A
17
26
48
36
413E
31
24
2F
31
27
2A
2A
32
2F
45
4E50
4F
4E
4E
4E
4D
4D
4C
4C
4C
4C
4B4A
4A
4A
4A
49
49
49
48
48
48
47
4746
46
45
45
45
45
44
44
43
43
43
4342
4A
41
41
41
41
40
40
40
3F
3F
3E3E
3E
3D
3D
3D
3D
3C
3C
3C
3B
3B
3B3B
3A
3A
3A
39
39
39
38
38
38
3A
3737
37
37
37
37
37
36
36
35
35
35
3434
34
33
33
33
33
33
32
32
32
32
3131
31
31
31
30
30
30
30
2F
2E
2E
2E2E
2E
2D
2D
2D
2D
2C
2C
2C
2C
2B
2A29
29
2A
2A
29
41
3C
33
32
28
28
282D
55
36
2A
37
38
29
2B
3B
30
3D
413C
26
27
40
4A
3E
25
3F
30
2E
30
3425
29
3A
38
3D
35
32
26
24
1A
24
1E23
24
24
22
23
22
2B
28
0A
08
07
0806
11
40
09
07
08
10
0A
05
0A
0E
0B10
07
06
07
08
0F
22
10
09
12
0A
0F11
0E
32
4A
4A
2E
6C
59
62
6F
6F
6E6D
55
69
6B
5D
6A
2F
29
16
35
09
5F2D
3A
2C
07
14
0A
17
0C
0F
09
44
1F63
68
67
67
66
66
5A
66
65
4B
4D
645D
4D
62
5C
5D
62
63
62
63
5C
5B
393B
28
1A
30
17
29
27
33
30
3C
3A
2B22
3D
3C
40
18
21
27
1E
10
07
0B
0909
08
08
08
09
0F
11
20
17
1E
2A
1C16
12
1B
39
43
28
34
30
3C
36
2D
2618
34
22
31
36
43
3A
4D
51
50
4F
4F4E
4E
4E
4E
4D
4D
4D
4C
4C
4B
4B
4B4A
4A
4A
49
49
49
48
48
48
48
47
4646
46
45
45
44
44
44
43
43
44
43
4442
41
41
41
42
40
40
40
3F
3F
3F
3E3E
3E
3D
3D
3D
3C
3C
3C
3C
3B
3B
3B3A
3A
3A
3A
3A
39
39
38
38
38
37
3737
37
37
37
37
36
36
35
35
35
35
3534
34
34
33
33
33
33
32
32
32
32
3131
31
31
30
30
30
30
2F
2F
2E
2F
2E2E
2E
2D
2D
2D
2C
2A
2B
2B
2B
2B
2A3F
3A
34
2E
29
29
29
29
50
39
29
3639
2B
2A
32
39
2B
4A
42
28
27
27
4B4E
2E
27
45
2B
31
2E
36
2D
25
3B
363F
33
30
26
24
1C
25
20
24
25
25
2424
25
26
25
07
07
07
07
2A
18
2F
2606
2A
0C
06
0A
0D
0A
11
0E
06
06
0808
12
13
0E
0D
0B
0A
0F
0D
0A
29
3B51
3A
4A
74
56
6C
70
6F
6F
69
6D
6C6B
5A
4C
3D
3B
27
1E
69
30
45
19
0626
17
0B
10
0A
13
18
48
57
69
68
6868
67
66
67
67
4E
5B
65
65
5C
64
6364
64
64
64
63
5F
46
40
21
0C
36
272F
2D
36
36
4D
34
3C
32
48
4A
45
2A2F
3E
34
1F
09
1B
0D
0C
0C
10
08
0A0A
12
11
1E
16
20
2A
2A
25
17
3E
3E29
29
21
25
2B
38
3A
36
32
19
38
2D32
42
49
47
53
51
51
50
50
4F
4F
4F4E
4E
4E
4D
4D
4C
4C
4C
4C
4B
4B
4A4A
4A
4A
49
48
48
48
47
47
47
46
4646
45
45
45
44
44
44
44
43
43
42
4241
41
41
41
40
40
40
40
3F
3F
3F
3E3E
3E
3D
3D
3D
3C
3C
3C
3C
3C
3B
3B3B
3A
3A
39
39
38
39
38
38
39
38
3737
37
37
36
36
36
36
35
35
35
34
3534
34
33
33
33
33
32
32
32
32
31
3131
30
30
30
30
2F
2F
2F
2F
2E
2E
2E2D
2B
2C
2C
2C
2C
2C
3D
34
36
2E
2A2B
2B
2A
4A
3E
2A
34
3B
2E
29
2B
3E28
3F
47
36
27
27
2C
54
49
26
30
4529
2E
2A
2F
36
26
3F
33
41
2E
2D
2623
21
26
22
25
25
25
25
25
22
24
2509
07
08
07
07
27
35
1B
15
2B
07
080E
07
23
0D
15
07
06
07
08
0B
0C
100D
0F
0A
0F
0D
21
29
40
43
4D
4F
6172
5A
70
70
71
6F
6E
6E
6E
50
6B
4445
20
36
68
1A
44
06
0A
30
2F
08
0C0E
10
1A
44
4A
6A
69
69
69
69
69
6865
59
67
66
66
64
66
66
66
65
65
6564
54
41
21
1F
2B
3C
3C
35
33
3E
3F51
4C
3A
42
5D
55
43
3F
3F
30
16
0810
14
0F
11
0D
0C
0D
0C
0A
0A
0D
171C
12
0D
23
1B
2F
43
2F
39
21
0D
2119
2B
17
34
22
2E
3B
3D
34
30
48
5154
53
52
51
51
51
50
50
4F
4F
4F
4E4E
4D
4D
4D
4D
4C
4C
4C
4B
4B
4A
4A4A
49
49
48
48
48
47
47
47
47
46
4646
45
45
44
44
44
44
44
43
42
42
4241
41
41
41
40
40
3F
3F
3E
3E
3E
3E3D
3D
3D
3D
3D
3D
3C
3C
40
3B
3B
3B3A
3A
39
39
39
39
39
39
39
38
38
3737
36
37
37
36
36
35
35
35
34
34
3434
34
33
33
33
33
32
32
32
32
31
3131
30
30
30
2F
2F
2F
2E
2D
2D
2D
2D2D
2D
3A
32
37
2D
2B
2B
2B
2C
40
432C
31
3B
2F
2A
2B
3B
2B
2A
4F
3F
2828
28
3C
55
3B
27
38
40
2D
31
29
2D3D
28
40
2F
43
28
29
26
21
26
26
2526
26
26
25
25
23
25
24
07
07
08
0A26
22
06
20
41
0A
07
0E
08
37
2A
1D31
07
07
07
0A
09
11
0E
0F
0C
0A
0F18
3F
2E
35
49
57
50
6A
6D
6F
6D
7170
70
70
6F
63
6B
6F
4A
4E
44
4B
5520
31
05
18
3E
11
09
0A
0D
08
2B
2151
6B
6B
6A
6A
6A
6A
6A
69
69
68
6868
67
67
67
66
66
67
66
66
4B
33
2629
4D
3C
3F
39
40
47
5B
4B
56
40
605F
4D
46
4F
46
13
17
0D
08
12
0E
0E0D
0D
0C
0C
0D
10
0E
0C
0F
15
11
1020
44
2E
31
19
26
24
15
27
10
22
261F
33
34
31
30
2E
3E
54
55
54
53
5252
51
51
51
51
50
50
4F
4F
4F
4F
4E4D
4D
4D
4D
4D
4C
4C
4C
4B
4D
4A
4A49
49
48
48
48
47
47
47
47
46
46
4545
45
45
45
44
43
43
43
42
42
42
4141
41
41
40
40
3F
3F
3F
3F
3E
3E
3D3D
3D
3D
3D
3D
3C
3C
3B
3B
3B
3B
3A3A
3A
3A
39
39
39
39
38
38
38
37
3737
37
36
36
36
35
35
35
35
35
34
3434
34
33
33
33
32
32
32
32
32
31
3130
30
2F
2E
2F
2E
2E
2E
2E
36
32
352D
39
2C
2C
2C
36
49
2C
2F
3C
33
2B2B
33
33
2A
40
4B
30
29
29
29
48
542B
28
3F
3B
2D
35
28
37
39
28
40
2B3F
27
28
27
23
26
26
26
26
26
26
2626
26
25
24
15
07
07
0E
18
30
0C
411B
07
0D
08
38
31
23
3B
12
06
06
070D
09
0E
23
0E
23
0F
25
1D
33
3C
433B
4E
5E
5F
70
72
71
77
71
71
71
716C
6F
69
56
63
52
5A
48
32
1F
06
2C44
20
2F
0C
0A
09
18
31
40
68
6C
6B6B
6B
6B
6A
6A
6A
6A
6A
6A
69
69
6868
67
67
68
5C
43
37
3E
4D
45
51
4748
54
4E
62
56
4E
5B
64
5A
54
61
4D22
2F
2B
1F
19
26
0E
0E
0C
0B
0E
0A0B
0E
12
17
13
17
15
1A
2A
29
2D
1F22
23
29
36
27
24
30
33
40
3A
3F
3B37
36
2F
3A
4F
56
55
54
53
53
53
5252
52
51
50
50
50
50
4F
4F
4F
4E
4E4D
4D
4D
4D
4C
4B
4B
4B
4B
4A
4A
4A49
49
49
48
48
47
47
47
46
46
46
4545
45
44
44
44
43
43
43
43
42
42
4141
41
40
40
40
3F
3F
3E
3E
3E
4E
683D
3D
3D
3D
3C
3C
3C
3B
3B
3B
3B
3B3A
3A
3A
39
39
39
38
38
38
37
37
3737
37
36
36
36
36
35
35
34
34
35
3434
34
33
33
33
32
32
32
32
31
31
3030
30
2E
2F
31
2F
32
2E
2E
2E
2D
2E30
4A
2D
2E
3B
35
2D
2C
2C
39
2B
2B51
3D
29
29
2A
2A
51
48
29
29
45
382A
3F
26
3B
33
29
40
29
38
27
27
2725
27
27
27
26
26
26
26
26
26
25
2E0A
08
08
0B
0A
19
26
2F
18
21
07
3039
12
3C
25
0A
06
06
07
0D
0D
16
1210
0E
0B
30
2A
3D
35
3D
4E
48
52
636E
74
73
72
73
73
72
72
71
71
71
6B5E
5C
61
5B
34
36
26
44
43
3F
35
070C
0B
08
3A
36
66
6D
6D
6C
6C
6C
6C6B
6B
6B
6B
6B
6A
6A
6A
6A
69
69
6756
3D
52
43
5D
57
51
4F
58
5F
5D
645E
55
64
61
5B
51
3C
2B
36
3D
3A
1931
0A
08
0B
0B
09
09
0A
0C
13
10
1717
11
35
24
16
1B
15
1D
32
26
28
221E
23
2C
26
29
36
44
3A
3C
40
42
342F
47
55
56
55
54
54
53
53
53
52
5251
51
51
50
50
50
4F
4F
4E
4E
4E
4D4D
4C
4C
4C
4C
4B
4B
4B
4A
4A
4A
4948
55
48
48
47
47
47
46
46
46
45
4545
45
44
44
44
43
43
42
42
42
42
4140
40
40
40
3F
3F
A8
D5
3D
3E
3E
3E3E
3D
3D
3C
3C
3C
3B
3B
3B
3B
3B
3A3A
3A
3A
39
39
39
39
38
38
38
37
3737
37
36
36
35
35
35
35
34
34
34
3433
33
33
33
32
32
32
31
31
31
86
2F2F
2F
2F
2F
2F
2F
2F
2E
45
30
2E
3A38
2D
2D
2D
38
2C
34
40
4D
2E
2A
2A2C
31
57
37
29
29
4B
33
28
3E
29
3E2D
29
3D
2B
32
28
28
28
27
28
27
2727
27
27
27
26
26
2A
27
07
08
08
080B
0A
16
23
21
0A
1F
3B
17
3A
27
1E0D
06
06
06
11
16
0B
0E
20
0E
0C
2825
34
35
23
44
3F
53
66
65
75
74
7474
74
74
73
73
73
72
71
64
62
59
7138
4A
45
58
21
51
34
06
0C
0C
07
384B
62
70
6E
6E
6E
6D
6D
6D
6D
6C
6C6C
6C
6B
6B
6B
6B
6A
63
58
49
4E
5A5F
63
5D
5C
65
60
67
64
64
61
61
5B58
4F
3C
32
22
15
24
24
21
14
0D
0C08
0B
0D
0C
0E
14
15
0E
14
11
0F
0E10
13
0C
0B
1A
16
1D
15
12
24
33
2F28
1C
2C
3E
3A
3B
38
34
34
36
38
5457
56
55
54
54
54
53
54
53
52
52
5251
51
50
50
50
50
4F
4F
4E
4E
4D
4D4D
4C
4C
4C
4B
4C
4B
4B
4A
49
49
4949
48
48
48
47
47
47
46
46
46
46
4545
44
44
44
44
43
43
43
42
42
41
4141
40
46
61
3F
3F
3F
3F
3F
3F
3E
3E3E
3D
3D
3C
3C
3C
3C
3B
3B
3B
3B
3B3A
3A
3A
39
39
38
38
38
38
38
37
3737
36
36
36
36
36
35
35
35
35
34
3434
33
33
32
32
32
32
31
30
30
30
2F2F
2F
2F
3D
35
2E
36
3C
2E
2D
2D
3131
2C
2C
54
3A
2B
2B
2C
2B
3E
52
2A2A
32
49
30
2E
40
2A
3D
29
2A
3E
2B2D
29
29
28
28
28
28
28
27
27
27
2727
26
27
27
08
09
08
08
08
11
11
201A
2E
37
26
33
23
39
11
13
06
07
071B
23
0D
0E
0D
0D
29
1A
39
2D
38
314C
65
5B
5D
6F
74
76
76
76
75
75
7575
75
74
6F
71
68
68
72
47
4F
54
5820
5F
34
0C
12
0D
0A
18
54
68
71
706F
6F
6F
6F
6E
6E
6E
6E
6D
6D
6D
6D6C
6D
6C
6A
60
62
59
66
6A
63
64
6969
68
69
65
61
5A
45
26
1D
1B
1E
130A
0A
11
0E
0B
18
09
0A
0F
0E
0F
1A13
11
0D
16
09
1B
19
0F
1B
0E
0B
0F0B
0E
0E
2B
19
0C
20
36
36
28
2B
0F2E
36
34
27
27
34
3A
40
52
58
57
5656
55
55
54
54
54
54
53
53
53
52
5252
51
51
50
50
4F
4F
4F
4E
4E
4D
4D4D
4C
4C
4C
4C
4B
4B
4A
4A
4A
49
4949
48
48
48
47
47
46
46
46
45
45
4544
44
44
44
43
43
43
43
42
42
41
4141
40
40
40
40
40
3F
3F
3F
3E
3E
3E3D
3D
3D
3C
3C
3C
3C
3B
3B
3B
3A
3A3A
3A
39
39
39
38
38
38
38
37
37
3737
37
36
36
36
35
35
35
35
34
34
3433
33
32
32
32
31
31
31
31
30
37
382F
32
3C
2F
2E
2E
2E
32
2E
2D
3D
4F2D
2C
2C
2D
2D
49
44
2A
2B
38
44
2E31
3F
2A
3A
2A
2B
3B
2D
29
29
2A
2929
29
28
28
28
28
28
28
27
27
27
2708
0C
08
0E
0E
18
0F
1D
33
3F
24
2433
1F
33
0A
19
06
07
06
1B
11
0D
130D
1D
26
32
2D
3E
4D
51
54
69
76
7775
78
77
77
77
76
76
76
76
76
7A
7575
6E
75
67
63
5C
5D
59
36
6B
24
2926
0D
0B
31
52
64
72
71
71
71
71
7070
70
6F
6F
6F
6E
6E
6E
6E
6E
6D
6C6A
6C
63
6B
6B
6B
6A
6B
6A
6A
6A
6755
2C
18
16
07
06
10
31
0E
1E
0F
0A08
07
09
0D
10
0B
15
17
12
13
20
2128
11
14
17
2B
0D
08
09
0E
0A
11
0C1D
21
12
29
48
3F
33
21
10
17
30
2711
1C
37
27
33
50
59
58
57
56
56
5656
55
55
55
54
54
54
53
53
52
52
5251
50
50
50
4F
4F
4F
4E
4E
4D
4D
4D4C
4C
4C
4C
4B
4B
4B
4A
4A
4A
49
4949
48
48
47
47
47
46
46
46
45
45
4544
44
44
43
43
43
42
42
42
42
41
4141
40
40
40
3F
3F
3F
3F
3E
3E
3E
3D3D
3D
3D
3C
3C
3C
3B
3B
3B
3B
3A
3A3A
39
39
39
3B
38
38
37
38
37
37
3736
36
36
36
35
35
34
34
34
34
33
3333
32
32
32
31
31
37
31
31
3D
32
302F
2F
30
2E
2E
2F
52
38
2D
2D
2D
2D2E
52
31
2C
2C
3E
40
2C
32
40
2B
3B2B
2B
35
2B
2A
2B
2A
29
29
29
29
2929
29
28
28
28
28
28
28
09
0A
0F
0915
0A
0E
0C
1A
32
18
39
05
26
2F
0A13
07
06
05
0B
13
12
0E
16
21
24
3B56
38
46
63
5C
6D
78
79
79
79
79
7878
78
77
77
77
77
77
77
76
76
76
6A68
70
5F
65
3E
72
2B
29
32
0D
0E
2059
64
73
73
72
72
72
71
71
71
71
7171
70
70
70
6F
6F
6F
6E
6E
6D
6B
6D6C
6C
6C
6D
6D
68
56
43
1A
0C
15
1124
16
22
13
0B
06
13
10
07
06
0C
0D11
11
14
16
20
18
15
10
13
14
10
1E1E
08
10
0A
11
11
0C
11
16
1F
21
342E
3A
46
34
28
1F
2F
36
20
20
18
3745
3F
57
5A
59
58
57
57
56
56
57
5655
55
55
54
54
53
54
52
52
52
52
5151
50
50
50
4F
4F
4F
4F
4D
4D
4D
4D4C
4C
4C
4B
4B
4A
4A
4A
49
49
48
4848
47
47
47
47
47
46
46
45
45
45
4545
45
44
43
43
43
43
42
42
41
41
4140
40
40
3F
3F
3F
3F
3E
3E
3D
3E
3D3D
3C
3C
3C
3C
3B
3B
3B
3B
3B
3A
3A3A
3A
39
39
39
38
38
38
37
37
37
3636
36
35
35
35
34
34
34
33
33
33
3332
34
32
32
3C
35
31
31
30
30
30
3030
3A
50
2F
2E
2E
2E
2E
32
4D
2D
2C2D
44
39
2B
37
3C
2B
38
2C
2B
32
2B2B
2B
2B
2B
2A
2A
2A
2A
29
29
29
2929
29
28
28
09
0A
0D
0A
0F
1F
1F
0B0D
21
34
0C
12
3B
1C
1B
0C
07
07
0618
0E
1D
15
16
44
39
3D
3F
56
4B
4664
7A
79
7B
7B
7B
7A
7A
7A
7A
79
7979
79
78
78
78
78
77
76
6D
77
61
724C
71
42
1D
3D
0E
1E
25
5A
6A
75
7474
74
73
73
73
73
72
73
72
72
71
7171
71
71
70
70
6F
6F
6F
6E
6E
6E
675C
53
4B
21
12
34
23
35
30
43
21
1C26
19
27
0A
17
0B
0E
0B
14
14
0B
1514
0C
16
13
1B
12
13
08
08
08
0B
100F
0B
11
17
15
2B
29
26
4A
40
43
4E39
3D
2D
43
3B
20
21
22
29
43
49
5B5A
5A
59
58
58
58
57
57
56
56
56
5555
55
54
54
54
53
52
53
51
51
55
5050
50
50
4F
4F
4E
4E
4D
4D
4D
4D
4C4C
4B
4B
4B
4B
4A
4A
4A
49
49
48
4848
47
47
47
46
46
46
46
45
45
45
4544
44
44
43
43
43
43
42
42
41
41
4140
40
40
40
3F
3F
3E
3E
3E
3E
3E
3D3D
3D
3D
3C
3C
3C
3C
3B
3B
3A
3A
3A3A
39
39
38
38
38
37
37
37
36
36
3635
36
35
35
34
34
34
34
33
33
33
3738
32
32
32
31
30
31
31
31
4F
39
2F2F
2F
2F
2F
3F
3E
2E
2E
2E
4A
30
2C3A
36
2C
33
2C
2D
2C
2C
2C
2B
2B
2B2B
2B
2B
2A
2A
2A
2A
29
29
29
29
290B
09
0B
10
06
15
0E
09
07
1C
1F
0727
07
3B
0D
0C
07
07
07
18
2F
12
1017
23
2F
3C
44
4C
66
67
68
70
7E
7E7E
7D
7C
7B
7B
7B
7B
7B
7A
7A
7A
797A
79
79
78
77
78
71
77
54
6C
47
0A4D
09
21
30
62
64
76
76
76
75
75
7574
74
74
74
7C
73
73
73
72
72
72
7271
71
71
70
70
6F
6D
68
5D
48
2C
1E3E
37
3D
41
5A
35
28
39
2D
1E
1B
2029
0B
0A
0A
12
12
0C
19
0B
12
17
140E
12
0C
08
08
07
14
0C
0B
27
0E
160F
0E
41
44
2E
3A
42
57
4C
43
41
444D
39
29
1C
1F
32
28
4A
59
5A
5B
5A59
59
59
58
58
58
57
56
56
56
56
5555
54
54
54
53
53
52
51
51
51
51
5051
50
4F
4F
4E
4E
4E
4E
4D
4D
4C
4C4B
4B
4B
4B
4A
4A
4A
49
49
49
49
4848
47
47
46
46
46
46
45
45
45
44
4444
44
43
43
43
47
42
42
42
41
41
4141
40
40
3F
3F
3F
3E
3E
3E
3E
3D
3D3D
3D
3C
3C
3C
3C
3C
3B
3A
3A
3A
3A39
39
38
38
37
37
37
37
36
36
36
3535
35
35
34
34
35
35
3C
33
33
32
3331
32
32
32
35
4E
31
30
30
30
30
304A
2F
2E
2F
2E
46
30
2E
39
30
31
352D
2D
2D
2C
2C
2C
2C
2C
2C
2C
2B
2B2B
2B
2A
2A
2A
2A
2A
2A
09
0D
0F
2306
33
26
1D
0D
0A
39
1C
15
3E
1E
0B09
07
06
08
0B
0A
1A
2F
1E
1A
2A
2E4E
5C
5D
60
69
75
7C
80
80
7E
7E
7D7D
7C
7C
7C
7C
7C
7C
7C
7B
7B
7B
7A7A
7A
79
78
66
6B
4B
34
5D
0A
1A
485C
68
77
77
77
77
76
76
76
76
76
7576
75
74
74
74
74
74
73
72
72
72
7271
70
70
65
53
41
2E
3C
48
5F
63
6B55
28
1C
0A
0E
14
27
2A
2F
06
06
0C14
0D
13
0E
11
14
19
18
0D
25
08
0807
29
1C
1A
13
06
0D
17
0F
0A
12
3A49
35
2C
3F
52
5A
43
42
54
52
2E
2B23
26
2F
18
3D
55
5C
5B
5A
5A
5A
5959
59
58
58
57
57
56
56
56
55
55
5554
54
53
53
52
52
52
52
51
51
51
5050
4F
4F
4F
4E
4E
4E
4D
4C
4C
4C
4B4B
4B
4B
4B
4B
4A
49
49
49
49
48
4847
47
47
46
46
46
46
45
45
44
44
4444
43
43
43
42
42
42
42
42
41
41
4140
40
3F
3F
3F
3E
3D
3E
3D
3D
3D
3D3D
3C
3C
3C
3B
3B
3B
3B
3A
3A
39
3938
39
38
38
37
37
37
36
3B
36
36
3635
35
3B
34
34
34
34
33
33
33
33
3347
38
32
31
31
31
31
33
49
38
2F
2F30
42
2F
2F
37
2E
2E
2E
2E
2E
2D
2D2D
2D
2D
2D
2D
2C
2C
2C
2C
2B
2B
2B30
2B
2B
2B
0C
0D
09
11
1A
18
1A
120D
0A
26
3F
3E
4E
0D
39
0A
07
06
0806
26
08
0B
31
2D
34
23
49
41
46
3C44
59
5F
5A
5A
72
80
7F
7E
7E
7D
7D7D
7D
7D
7D
7C
7C
7C
7C
7B
7C
7B
7077
62
66
10
61
24
36
51
5E
6C
79
7878
78
78
77
78
77
77
77
7F
76
76
7675
75
75
74
74
74
73
73
72
72
70
6152
42
4B
53
6C
63
58
4D
31
32
32
1730
37
2F
1D
33
1C
06
11
1A
0D
0F
1508
15
18
0F
0F
0A
0F
07
0A
0B
10
3534
0E
1E
07
0E
08
0C
20
39
3E
2E
2A3A
4F
5B
46
48
61
3F
30
30
1D
33
383F
4D
5A
5C
5C
5B
5B
5A
5A
5A
5A
5959
59
58
57
57
56
56
56
56
55
54
5454
54
53
53
52
52
52
51
51
50
50
504F
4F
4F
4E
4E
4D
4D
4D
4C
4C
4B
4C4C
4B
4B
4A
4A
49
4A
49
49
48
48
4847
47
47
47
46
46
45
45
45
44
44
4444
43
43
42
42
42
42
42
41
40
40
4040
3F
3F
3F
3E
3E
3E
3E
3D
3D
3D
3D3C
3C
3B
3C
3B
3B
3A
3A
3A
39
39
3938
3C
38
37
37
37
37
37
36
39
36
3635
35
35
34
34
34
34
34
49
32
32
3232
32
32
36
44
31
31
31
38
38
30
3034
2F
2F
2F
2F
2F
2E
2F
2E
2E
2E
2D2D
2D
2D
2D
2D
2C
2C
2C
2C
2C
2B
2C0A
06
0D
0F
23
13
24
31
3A
35
2D
445E
1C
2E
28
08
07
06
0A
1A
2C
3F
3D3B
3A
45
3E
43
34
4E
5C
59
5C
6C
7C83
7E
80
80
7F
7F
7F
7F
7E
7E
7E
7E7E
7E
7D
7D
7D
7D
7D
73
7B
62
6C
2E5B
31
39
56
56
72
7B
7A
7A
79
79
7979
79
78
78
7E
77
78
77
77
76
76
7675
75
75
74
74
74
71
6A
56
53
5D
6F6E
69
4C
44
41
35
3F
36
34
2C
2C
2239
3F
1E
2D
20
0D
0C
11
0D
18
15
100B
08
08
09
06
0C
12
23
37
29
29
070F
08
08
28
30
51
50
47
39
33
58
5D4A
65
56
42
33
3C
24
2D
2C
4C
5A
5E5C
5D
5D
5C
5B
5B
5B
5A
5A
5A
59
5958
58
57
57
57
56
56
56
55
55
54
5453
53
53
53
52
52
51
51
51
50
4F
4F4F
4F
4E
4E
4E
4D
4D
4D
4C
4C
4C
4B4B
4B
4A
4A
4A
49
49
49
48
48
48
4848
47
47
46
46
46
45
45
45
44
44
4443
43
43
43
42
42
41
41
40
40
40
403F
3F
3F
3E
3E
3E
3E
3D
3D
3D
3C
3C3C
3B
3B
3B
3A
3B
3A
3A
39
39
39
3838
38
39
38
38
37
36
37
36
36
36
3535
35
35
41
39
33
33
33
33
33
33
3D37
32
32
32
3B
30
31
31
30
30
2F
2F30
30
2F
2E
2F
2F
2E
2E
2E
2E
2E
2D2D
2D
2D
2D
2D
2D
2C
2C
0A
0D
0B
3038
39
33
2F
24
3D
48
34
40
1F
41
500B
07
06
15
1C
3B
3F
48
3C
3C
23
3D3D
20
3D
3B
31
22
45
60
65
6D
7E
8281
80
80
80
80
80
80
80
80
7F
7F
7F7E
7F
7E
7D
7D
6E
6E
3A
54
45
4A
626B
76
7C
7B
7B
7B
7B
7B
7A
7A
7A
7979
79
79
78
78
78
78
77
77
77
77
7676
76
74
6D
5B
69
6E
72
71
5F
65
5247
43
35
3A
11
2C
1D
18
46
44
21
231C
0B
0F
0B
0E
13
0E
0C
0A
08
07
0707
08
09
23
2F
48
2D
25
08
08
0B
081E
28
3A
18
31
44
48
5C
51
66
64
4D37
44
17
36
1F
43
5B
5F
5E
5E
5D
5D5D
5C
5C
5B
5B
5B
5A
5A
59
59
59
5858
57
57
57
56
56
56
55
55
54
54
5453
53
53
52
51
51
51
50
50
50
50
4F4F
4E
4E
4E
4D
4D
4D
4C
4C
4C
4B
4B4B
4B
4A
4A
4A
4A
49
49
48
48
48
4748
47
46
45
45
46
45
45
44
44
44
4343
43
42
42
41
4A
41
40
40
40
40
3F3F
3F
3F
3E
3E
3E
3D
3D
3D
3C
3C
3B3B
3B
3B
3B
3A
3A
3A
39
39
39
39
3838
38
37
37
37
37
37
36
36
36
36
4534
35
34
34
34
34
34
3D
32
33
33
3336
32
32
32
32
31
31
30
30
30
30
2F30
30
2F
30
2F
2F
2E
2E
2E
2E
2E
2E2D
2D
2D
2D
0A
0F
0E
38
22
24
30
2C52
4C
43
36
2F
0B
10
3C
0D
06
06
0C27
49
4A
38
40
3A
2C
2B
43
3A
34
2A2C
2C
3E
44
58
6B
77
83
83
82
82
8282
81
81
81
80
80
80
80
80
80
80
7F7C
7B
72
57
38
4E
65
6D
72
7D
7E
7D7C
7C
7C
7C
7C
7C
7B
7B
7A
7A
7A
7A79
79
79
79
79
78
78
78
77
77
76
746C
72
75
74
71
73
66
4D
44
50
34
0B1B
22
22
38
37
30
23
1A
0B
07
09
0A15
0C
0D
08
0A
07
07
07
08
06
08
1F34
44
1E
48
0D
18
0E
0F
0E
21
34
472B
26
2D
54
58
67
65
5D
46
43
3E
3224
44
4E
62
60
5F
5E
5E
5E
5D
5D
5D5C
5C
5C
5B
5A
5A
59
59
59
59
58
5857
57
57
56
56
55
55
55
54
54
53
5353
53
52
51
51
51
50
50
50
50
4F
4E4E
4E
4E
4D
4D
4D
4C
4C
4C
4C
4B
4B4B
4A
4A
49
49
49
49
49
48
48
47
4747
47
46
46
46
45
45
44
44
44
44
4443
43
42
42
41
41
41
40
40
40
40
3F3F
3F
3E
3D
3E
3D
3D
3D
3C
3C
3C
3B3B
3B
3B
3A
3B
3A
3A
39
39
39
38
3838
38
37
37
37
37
3A
3A
36
35
35
3535
35
35
39
33
33
33
33
34
33
33
3333
33
32
31
31
31
31
30
30
30
30
3030
2F
2F
2F
2F
2F
2F
2E
2E
2E
2E
2E0B
14
3B
2F
41
46
5A
50
47
2C
1D
0F18
0B
0D
08
0E
06
06
0E
3E
37
3C
3D32
2E
49
13
41
49
58
56
23
2E
2C
536A
60
70
7B
83
84
83
83
83
83
83
8282
83
82
82
81
81
81
81
81
80
66
6846
62
66
78
73
7F
7F
7E
7E
7E
7E
7D7D
7D
7D
7D
7C
7C
7C
7B
7B
7B
7A
7A7A
7A
79
79
79
79
78
77
76
76
77
7777
76
58
59
55
3E
33
10
2B
2E
2A
3D40
18
1E
09
07
09
1F
0B
0B
08
09
0909
08
06
07
14
08
08
0D
37
39
34
5A1F
2F
1F
2D
14
21
1B
3A
42
39
38
4757
68
67
60
4A
4C
46
42
35
33
4E
6161
60
60
5F
5F
5F
5E
5E
5D
5D
5D
5C5C
5B
5B
5B
5A
5A
5A
59
58
58
58
5857
57
56
56
55
55
54
54
54
54
53
5352
52
51
51
51
50
50
50
50
4F
4F
4E4E
4E
4D
4D
4D
4D
4C
4C
4C
4B
4B
4B4A
4A
4A
4A
49
49
49
49
48
48
47
4747
46
46
46
45
45
45
44
44
44
43
4342
42
42
42
41
41
41
40
40
40
3F
3F3E
3E
3E
3E
3D
3D
3D
3D
3C
3C
3C
3C3B
3B
3A
3A
3A
3B
39
39
39
39
39
3838
38
3B
37
37
37
36
36
36
36
36
3735
34
34
34
33
34
34
34
34
33
33
3232
32
32
31
31
31
31
3D
30
30
30
3030
30
2F
2F
30
2F
2F
2F
10
29
40
0F35
58
75
4B
5F
4C
25
18
0D
0D
08
1007
06
07
13
11
37
3C
35
36
36
38
4112
41
43
3F
55
45
39
4D
62
6E
80
7A83
85
85
85
85
85
84
84
84
84
84
8483
83
83
83
82
81
6E
6D
5C
6E
7B
8079
80
80
80
80
7F
80
7F
7E
7E
7E
7E7E
7D
7D
7D
7D
7D
7C
7B
7C
7B
7B
7A7A
7A
7A
79
79
78
78
78
78
6D
6C
5955
49
21
33
3F
2C
44
33
1A
22
06
0708
08
08
09
09
08
08
14
08
09
07
0807
07
08
0C
2C
36
47
5C
2F
49
27
3E2F
2B
15
1F
4A
55
42
47
56
64
68
6455
56
48
38
31
46
51
5A
62
61
61
6160
60
5F
5F
5E
5E
5E
5E
5D
5D
5C
5C5C
5B
5B
5A
5A
59
59
58
58
58
57
5757
56
56
55
55
55
55
54
54
53
53
5352
52
51
52
51
50
50
4F
4F
4F
4F
4E4E
4D
4D
4D
4D
4C
4C
4C
4B
4B
4B
4B4A
4A
4A
49
49
49
48
48
48
47
47
4746
46
46
46
45
44
44
44
43
43
43
4342
42
42
41
41
41
40
40
40
3F
3F
3E3E
3E
3E
3E
3D
3D
3C
3C
3C
3C
3C
3B3B
3B
3A
3A
3A
3A
39
39
39
39
38
3838
38
37
37
37
37
36
36
36
36
35
3535
34
34
34
34
34
34
33
33
33
32
3232
32
32
31
31
31
31
31
30
30
30
3030
30
30
2F
41
18
2F
40
48
62
72
3A73
64
15
10
0C
29
0F
06
06
06
06
1722
2A
20
34
40
37
42
5D
39
38
4E
4C46
43
50
4F
5B
7A
6E
86
87
87
86
8786
86
86
86
87
85
86
85
85
85
84
8484
83
75
7E
5C
76
80
82
82
82
82
8181
81
81
81
81
80
80
80
7F
7F
7E
7E7E
7E
7E
7D
7D
7C
7D
7C
7C
7B
7B
7B7B
7A
7A
7A
79
73
62
67
67
40
40
494E
32
32
26
35
1D
0C
11
08
08
08
0817
08
08
07
08
0E
09
07
07
0B
07
061D
38
56
5F
39
51
30
41
41
44
18
2917
3E
61
50
4C
65
69
68
60
5F
57
4949
46
55
5B
63
62
63
62
62
61
61
6060
5F
5F
5F
5E
5D
5D
5D
5D
5C
5C
5C5B
5B
5A
5A
5A
59
59
58
58
57
57
5756
56
56
55
55
54
54
53
53
53
53
5252
52
51
51
50
50
5B
4F
4F
4F
4F
4E4E
4E
4D
4C
4C
4C
4C
4B
4B
4B
4A
4A4A
4A
49
49
49
49
48
47
47
47
47
4746
46
45
45
44
44
44
44
43
43
43
4242
42
41
41
40
40
40
40
3F
3F
3E
3E3E
3E
3E
3D
3D
3D
3D
3D
3C
3C
3B
3B3B
3B
3A
3B
3A
3A
39
39
39
39
38
3838
37
37
37
37
36
36
36
36
35
35
3535
34
36
34
34
34
34
33
33
33
32
3232
32
32
31
33
31
32
31
30
31
31
3129
52
42
5F
51
57
62
42
67
84
0F
0919
3A
08
06
07
06
06
14
43
48
19
252C
18
4E
41
4F
42
26
3F
4F
5F
5C
6365
70
89
7A
89
89
89
89
88
88
88
8787
87
87
87
86
86
86
86
86
84
82
7F76
80
84
84
84
83
83
83
83
83
82
8282
82
82
81
81
81
80
80
80
80
80
7F7E
84
7D
7D
7D
7D
7D
7D
7C
7C
7C
7C7A
6B
71
6F
54
47
4B
57
55
30
2E
1006
07
08
13
08
0C
19
09
09
09
08
1223
23
0C
07
29
11
12
06
1B
3E
4D
5756
52
4E
4A
4C
49
2A
33
10
1C
34
5A60
5C
6A
68
63
65
65
5B
41
45
60
6264
63
64
63
62
62
62
62
61
61
61
605F
5F
5E
5E
5E
5D
5D
5D
5D
5C
5C
5B5B
5A
5A
5A
59
59
58
58
57
57
57
5756
55
55
55
55
54
54
54
53
53
53
5352
51
51
50
50
50
50
4F
4F
4F
4E
4E4D
4D
4D
4D
4D
4C
4C
4C
4A
4A
4A
4A4A
49
49
49
48
48
48
47
47
47
46
4846
46
45
45
45
44
44
44
43
43
42
4242
41
41
40
40
40
3F
40
3F
3F
3F
3E3E
3E
3D
3D
3D
3D
3D
3D
3C
3C
3C
3B3B
3B
3B
3A
3A
3A
39
39
39
38
38
3737
37
37
37
36
36
36
36
36
35
35
3535
35
35
35
34
34
34
33
33
33
33
3232
32
32
32
32
31
31
31
30
5A
55
6F6B
60
58
56
74
53
0A
08
0F
2B
37
0707
05
06
3B
4B
4A
21
45
37
08
30
2C60
41
5E
5A
58
49
6F
80
7B
73
81
8A8A
8A
8A
8A
8B
8A
8A
8A
89
89
89
8989
88
88
88
87
87
86
83
84
85
85
8685
85
85
84
84
84
84
84
83
83
83
8382
82
82
82
82
81
81
81
80
7F
80
7F7F
7F
7F
7E
7D
7D
7D
7D
7C
74
79
685E
5D
5F
68
60
26
29
27
08
07
10
0907
0B
08
07
08
08
08
34
31
2C
14
2222
28
12
07
0D
21
48
5E
63
52
68
5553
4F
3B
25
22
1D
1D
2A
5D
65
68
6969
69
68
66
3C
52
66
66
66
65
65
6464
63
63
63
63
62
62
61
61
60
60
5F5F
5E
5E
5E
5D
5D
5D
5D
5C
5B
5B
5B5A
5A
59
59
59
58
58
57
57
57
57
5656
55
55
55
54
54
53
53
53
53
52
5252
51
51
51
50
50
4F
4F
4F
4F
4E
4E4E
4E
4D
4D
4C
4C
4C
4B
4A
4B
4A
4A49
49
49
48
48
48
48
47
47
46
46
4646
45
45
45
45
44
43
43
43
42
42
4241
41
40
40
40
40
3F
40
3F
3F
3E
3E3E
3D
3D
3D
3D
3D
3D
3C
3C
3C
3B
3B3B
3B
3A
3A
3A
3A
39
39
39
38
38
687A
37
37
37
36
36
36
36
36
36
36
3535
35
35
34
34
34
34
33
3B
33
33
3333
34
32
32
2F
6E
6D
63
42
48
6C
5E79
24
0B
37
3E
29
21
07
07
05
05
3651
33
25
23
1A
11
2B
30
4B
3C
25
2A3E
63
65
67
88
8D
8B
8C
8C
8C
8C
8C8C
8C
8C
8B
8B
8B
8B
8A
8A
8A
8A
8989
89
89
88
88
88
88
87
87
87
87
8686
86
86
86
86
85
85
84
84
84
83
8384
83
83
82
82
82
81
81
80
80
80
807F
7F
7F
7F
7D
7C
7B
6D
66
6E
6E
7552
4A
45
29
07
0E
0E
0F
0F
09
06
0608
08
0B
3C
31
3D
30
2B
23
23
06
1108
22
32
5B
71
65
64
6C
5E
5F
46
2B3A
15
36
2C
2C
69
6B
6B
6A
6A
6A
6B57
59
67
68
67
66
66
65
65
65
64
6464
63
63
62
62
61
61
60
60
60
5F
5F5E
5E
5E
5E
5D
5D
5C
5C
5C
5B
5B
5B5A
59
59
59
58
58
58
57
57
57
57
5656
56
55
54
54
54
54
53
52
52
52
5251
51
51
50
50
4F
4F
4F
4E
4F
4E
4E4D
4D
4C
4C
4C
4B
4B
4B
4A
4A
4A
4949
49
49
48
48
48
47
46
46
46
46
4645
45
45
44
43
43
43
43
42
42
41
4141
40
40
40
40
40
40
3F
3F
3F
3E
3E3E
3E
3D
3D
3D
3C
3C
3C
3C
3B
3B
3B3A
3A
3A
3A
3A
39
39
D8
E4
36
37
3738
38
37
37
37
37
36
36
36
35
35
3535
35
35
35
34
34
34
34
33
33
33
3348
75
67
4A
44
47
57
60
4E
0B
0E
4824
3C
06
07
06
06
06
3D
49
45
40
292C
33
37
25
48
2A
35
18
27
49
4C
7D75
8E
8F
8E
8E
8F
8E
8E
8E
8E
8E
8E8E
8D
8D
8D
8C
8C
8C
8B
8C
8B
8B
8A8A
8A
8A
89
89
89
89
88
88
88
88
8888
87
87
87
86
86
86
85
85
84
84
8484
84
83
83
83
82
82
82
81
80
80
8080
7F
7A
76
77
77
7D
74
64
45
31
2216
07
15
06
1F
07
09
3E
22
08
19
2940
41
43
2F
14
2E
06
12
10
20
3C
4A72
6F
6A
6C
65
6E
5C
42
49
1E
21
2B46
5B
6D
6C
6B
6C
6B
6A
59
64
6A
6968
68
68
67
66
66
66
65
6A
65
64
6463
63
62
62
62
61
61
60
60
60
5F
5E5E
5E
5E
5D
5D
5C
5C
5C
5B
5B
5B
5A5A
59
59
59
58
58
57
57
57
57
56
5655
55
55
54
54
54
53
53
53
53
52
5151
50
50
50
50
50
4F
4F
4E
4E
4E
4D4D
4C
4C
4C
4C
4B
4B
4A
4A
4A
4A
4949
49
49
48
47
47
47
47
46
46
46
4645
45
44
44
43
43
43
43
42
42
42
4141
41
41
40
40
40
3F
3F
3F
3E
3E
3E3E
3D
3D
3C
3C
3C
3C
3C
3B
3B
3B
3A3B
3B
3A
A7
9D
38
39
39
39
38
38
3838
38
38
37
36
36
36
36
36
36
36
3535
35
35
35
35
35
34
34
60
49
44
4547
52
52
58
17
0B
21
4C
28
3E
05
0806
06
0A
4E
5A
4C
45
53
39
35
24
3526
3F
34
2F
23
23
42
49
72
81
92
9191
91
91
90
90
90
90
90
8F
8F
90
8F8E
8E
8E
8E
8D
8D
8D
8D
8C
8D
8C
8C8B
8B
8B
8B
8B
8B
8B
8A
8A
8A
8A
8989
89
88
87
86
86
86
86
86
86
88
8585
84
81
81
83
83
82
82
82
81
81
7F80
7F
7E
79
66
36
1D
44
07
24
13
2326
07
25
35
1B
09
1C
3A
54
4B
52
0F24
25
1B
2F
13
2C
3E
4C
73
73
72
7172
73
5D
55
61
30
26
38
3B
57
6E
6D6D
6D
6C
67
61
6A
6B
6A
6A
69
69
6868
67
67
66
66
66
65
65
65
64
64
6363
63
62
62
61
61
60
60
60
5F
5F
5E5E
5E
5D
5D
5C
5C
5B
5B
5B
5A
5A
5A5A
59
59
58
58
58
58
57
57
56
56
5555
55
54
54
54
53
53
53
52
52
51
5151
51
50
50
4F
4F
4F
4E
4E
4E
4E
4D4D
4D
4D
4C
4B
4B
4B
4A
4A
4A
49
4949
48
48
48
47
47
47
47
46
46
45
4544
44
44
44
43
43
43
42
42
42
41
4141
41
40
40
3F
3F
3F
3F
3F
3E
3E
3E3D
3D
3D
3D
3C
3C
3C
3C
3B
3C
3B
3A39
3A
3B
3B
39
39
39
39
39
39
38
3838
37
37
37
37
37
3A
36
36
36
36
3635
35
35
34
60
52
53
50
56
6A
5A
360A
1E
61
52
38
3B
06
08
06
05
0F
5252
4D
4A
4A
45
37
35
33
1B
50
39
1C21
42
23
44
40
65
87
94
93
93
92
9293
93
93
92
92
92
91
91
91
91
91
9090
8F
8F
8F
8E
8E
8F
8E
8D
8E
8D
8D8E
8D
8D
8D
8B
87
8C
8C
8B
8A
8A
8A89
88
88
88
88
84
86
82
88
81
6F
7C85
85
84
84
83
83
84
82
82
81
80
754F
22
50
44
21
1A
24
3A
34
06
24
5408
09
33
53
5B
6A
26
14
2D
20
20
331E
19
3C
52
75
75
74
74
73
73
5A
6A68
3E
3B
1B
40
4F
6D
70
6E
6E
6E
6A68
6D
6C
6C
6B
6B
6A
6A
69
69
68
6868
68
67
67
66
65
65
65
64
64
63
6363
63
62
61
61
61
60
60
60
5F
5F
5E5E
5D
5D
5D
5C
5C
5C
5B
5B
5A
5A
5A59
59
58
58
58
57
57
57
57
56
55
5555
54
54
54
53
53
53
53
52
52
51
5150
50
50
4F
4F
4E
4F
4E
4E
4E
4D
4D4D
4C
4C
4C
4B
4B
4B
4A
49
49
49
4948
48
47
48
47
47
46
46
46
45
45
4544
44
44
44
43
43
43
42
42
42
41
4140
40
40
40
40
3F
45
3F
3E
3E
3E
3D40
3D
3C
3C
3D
3D
3C
3C
3C
3B
3B
3B3B
3B
3A
3A
3A
3A
3A
39
39
46
38
3838
38
38
37
37
37
37
37
36
36
35
3656
5E
53
47
63
5D
5C
10
0E
48
62
6C63
31
07
08
06
05
17
61
4A
4C
55
443C
37
44
3A
1F
40
34
1C
21
0E
0F
264A
44
6D
95
95
95
94
94
94
94
8E
9595
95
94
94
93
93
92
92
92
92
92
9191
90
91
90
90
90
90
90
91
90
8F
8F8F
88
77
7E
8E
8D
8D
8C
8C
8B
8B
8B8A
72
6E
73
84
59
74
82
86
86
86
8685
85
85
85
84
83
7E
67
4B
4E
54
4624
21
28
46
33
0D
26
4D
06
09
64
6668
4C
2E
36
2D
32
2D
34
25
26
3B
546D
76
75
74
74
6D
6D
74
67
5C
4A
163C
3F
6C
71
70
6F
6F
6F
6E
6E
6E
6D6D
6D
6C
6C
6B
6A
69
69
69
69
68
6767
67
66
66
66
65
65
65
64
64
63
6363
62
61
61
61
60
60
5F
5F
5F
5F
5E5E
5D
5D
5C
5C
5B
5B
5A
5A
5A
59
5959
59
58
58
57
57
57
56
56
55
55
5554
54
54
54
53
53
53
52
51
52
51
5150
50
50
4F
4F
4F
4F
4E
4D
4D
4D
4D4D
4C
4B
4B
4B
4A
4A
4A
49
49
49
4849
48
48
47
46
46
46
46
45
45
45
4444
44
44
43
43
43
42
42
42
41
42
4141
41
40
40
40
3F
3F
3F
3E
3E
3E
3D3D
3D
3D
3D
3D
3C
3C
3C
3C
3B
3B
423B
3B
3A
3A
3A
3A
39
39
39
39
39
3838
38
37
43
41
36
36
36
55
46
4D
4C2A
4D
2A
09
26
4B
60
73
69
36
07
0706
06
27
4D
4E
5F
25
61
37
3B
42
502C
52
4C
24
22
10
17
0C
19
3F
40
6E89
92
94
87
8B
84
67
6D
90
94
96
9695
95
94
94
94
94
93
93
93
93
93
9292
92
92
91
8B
76
6B
75
70
6B
5D
4F75
8F
8F
8D
8D
8D
8E
8E
80
5C
4C
6E5D
62
6F
86
88
88
89
88
88
88
87
8787
85
7E
6C
56
6A
3C
39
1B
0D
30
3415
29
48
3D
05
0A
6C
71
66
4D
4D
473A
3A
38
39
26
2C
2E
5F
6B
78
77
7776
75
74
75
69
65
66
30
17
46
64
7371
71
71
70
70
70
6F
6F
6E
6E
6D
6D6D
6C
6C
6C
6B
6B
6A
6A
69
69
68
6767
67
66
66
65
65
64
64
63
63
63
6362
62
61
61
61
60
60
5F
5F
5E
5E
5E5D
5D
5D
5C
5B
5C
5B
5B
5A
5A
59
5959
58
58
58
57
56
56
56
56
55
55
5554
54
53
53
53
53
53
52
52
51
51
5050
4F
4F
4F
4F
4E
4E
4E
4D
4D
4D
4D4C
4C
4C
4B
4B
4A
4A
4A
49
49
48
4948
47
47
47
47
46
46
46
46
45
45
4444
44
43
44
43
42
42
42
42
42
41
4141
41
40
40
40
3F
3F
3F
3E
3F
3E
3E3D
3D
3D
3D
3D
3C
3C
3C
3C
3B
3B
3B3B
3A
3A
3A
3A
3A
39
39
39
39
39
3839
3F
52
37
40
41
40
35
41
3F
10
0938
56
5A
74
87
46
07
07
06
06
29
6C4F
55
45
55
33
56
51
55
66
51
31
4136
2C
1F
11
14
25
3B
5A
66
6B
81
655F
5D
5A
66
60
5C
61
71
8C
96
96
9595
95
95
95
95
94
94
94
94
94
95
948B
6F
5D
4C
33
3A
4F
3C
43
72
91
857E
7F
8F
7F
55
5C
52
53
5E
69
69
848A
8B
80
88
8A
8B
8A
8A
89
87
81
7D66
66
4B
2F
1F
2A
3C
29
16
38
44
4008
26
7A
79
61
65
4F
43
49
26
47
393F
2C
33
6B
69
79
79
79
78
78
77
7773
6F
71
41
2B
41
55
74
73
72
72
7272
71
71
71
70
6F
6F
6F
6E
6E
6D
6D6D
6C
6C
6B
6A
69
69
69
69
68
67
6767
67
66
65
65
65
64
64
63
63
63
6262
61
61
61
60
60
5F
5F
5E
5E
5E
5E5D
5C
5C
5C
5B
5B
5A
5A
59
59
59
5858
58
58
57
57
56
56
56
56
55
54
5454
54
54
53
53
53
52
52
51
51
50
504F
4F
4F
4F
4E
4E
4E
4D
4D
4D
4D
4C4C
4B
4B
4B
4B
4A
49
49
49
49
49
4848
47
47
47
46
46
46
46
46
45
44
4444
44
43
44
43
43
42
42
42
42
41
4141
40
40
40
3F
3F
3F
3F
3E
3E
3E
3E3D
3D
3D
3D
3D
3C
3C
3C
3C
3B
3C
3B3B
3A
3A
3A
3A
3A
3A
3A
39
39
38
384C
43
0B
46
45
30
08
48
49
57
59
7593
64
07
07
06
06
4B
6A
71
37
4D
5C22
42
70
60
5A
63
57
65
4F
4E
37
5029
10
35
49
49
5F
33
54
61
52
4F
6052
5C
68
86
7F
85
96
96
96
96
96
9696
96
96
96
95
96
96
8F
81
75
6B
5651
2F
29
3A
3A
53
7F
7D
73
63
83
5F4F
54
5D
5E
4A
47
55
6D
68
57
57
4845
63
7F
8A
8A
8A
89
83
73
6C
4F
2B43
42
39
32
18
38
52
09
07
47
80
7C79
66
5B
58
36
34
44
2B
48
38
4E
6171
7B
7A
7A
7A
79
79
78
77
77
76
5832
36
55
75
74
73
74
73
73
72
72
7171
71
71
70
6F
6F
6E
6E
6E
6D
6E
6C6B
6B
6A
6A
6A
6A
69
69
68
68
67
6767
66
66
65
65
64
64
63
63
62
62
6261
61
60
60
60
5F
5F
5F
5E
5D
5D
5C5C
5C
5C
5B
5B
5B
5A
5A
5A
59
59
5858
58
57
57
57
56
55
55
55
55
55
5454
53
53
53
52
52
51
5B
51
51
50
5050
50
4F
4F
4E
4E
4E
4E
4D
4D
4D
4C4B
4B
4B
4A
4A
4A
4A
49
49
48
48
4747
47
47
47
47
46
45
45
45
45
44
4444
43
43
43
43
42
42
42
41
41
41
4140
40
40
40
3F
3F
3F
3F
3E
3F
3E
3E3E
3E
3D
3D
3D
3C
48
46
3B
3B
3B
3B3B
3A
3A
3A
3A
3A
39
39
3B
3E
3E
403C
0D
1F
5D
65
6B
3B
80
93
6F
07
0705
06
58
79
5C
56
6B
46
47
34
6D
6B68
63
66
6E
67
5B
50
4F
39
21
16
3535
43
2E
4D
51
5D
59
4B
52
56
5F
7082
8F
93
96
97
96
95
96
96
96
97
9696
97
97
97
87
79
70
6B
52
49
50
2D38
3F
54
55
5E
5A
40
51
4C
65
66
4932
39
39
57
3A
29
1E
1F
3B
2E
42
6C8B
8C
8B
8A
7B
6C
52
52
46
53
4E
3A4F
50
43
07
08
65
82
83
7B
67
6E
423D
42
45
25
3C
41
45
6C
74
7D
7C
7C7B
7B
7A
79
7A
79
79
5F
3A
4C
4F
7776
75
75
74
74
74
73
73
73
72
72
7271
70
70
70
6F
6F
6F
6E
6D
6C
6C
6C6B
6B
6A
6A
6A
69
68
68
68
67
67
6666
66
66
65
64
64
63
63
63
62
62
6261
61
60
60
5F
5F
5F
5E
5E
5D
5D
5C5C
5C
5B
5B
5B
5A
5A
5A
59
59
59
5858
56
57
56
56
56
56
55
56
55
54
5454
53
53
52
52
52
52
51
51
51
50
5050
4F
4F
4F
4E
4D
4D
4D
4C
4C
4C
4C4C
4B
4B
4A
4A
49
49
49
49
48
48
4848
47
47
47
46
46
46
45
45
44
44
4443
43
43
43
43
43
42
42
41
41
41
4141
41
40
40
3F
3F
3F
3F
3F
3F
3E
3E3E
3E
3D
3D
3D
3C
3C
3C
3C
3B
3B
3B3B
3B
3B
3A
1D
1C
27
31
29
0B
50
6840
73
6D
83
85
72
07
06
05
08
65
8866
58
77
52
3E
3F
4D
77
61
7C
77
5F5C
50
39
44
32
47
31
1C
38
2C
32
4665
61
5A
4E
44
60
62
63
79
84
7E
8E96
96
97
96
96
96
96
96
97
97
97
9489
6E
60
38
27
1A
34
39
20
2D
40
4448
34
45
38
4B
5A
54
2C
28
29
2B
1D1B
14
19
3D
4E
51
4C
2E
54
89
8F
8E87
74
5C
63
6B
51
67
32
5D
4E
50
060A
7A
84
84
79
7C
5C
52
39
30
4D
1A29
50
36
70
76
7E
7E
7D
7D
7D
7C
7B7B
7B
7A
66
59
46
55
78
77
77
77
7776
76
75
74
74
74
73
73
72
72
72
7170
70
70
70
6F
6E
6E
6E
6D
6D
6C
6B6B
6B
6A
6A
69
68
68
68
68
67
67
6666
65
65
64
64
63
64
63
62
62
61
6161
60
60
5F
5F
5F
5E
60
5D
5D
5C
5C5C
5C
5B
5B
5B
5A
5A
59
59
63
58
5858
57
57
56
56
56
56
55
55
55
54
5453
53
53
52
52
52
51
51
51
50
50
504F
4F
4F
4E
4E
4D
4D
4D
4C
4C
4B
4B4B
4A
4A
4A
4A
4A
4A
49
49
48
48
4847
47
47
46
46
46
45
45
45
45
44
4444
43
43
43
43
42
42
42
41
41
41
4140
40
40
40
40
3F
3F
3F
3F
3F
3E
3E3D
3D
3D
3C
3C
3C
3C
3C
3B
3B
3B
3B46
44
46
36
0D
4B
53
5A
56
7E
79
718A
75
07
06
05
0C
72
83
72
73
72
6B48
34
45
5F
80
71
74
57
43
29
32
2330
2C
2C
2E
21
18
17
51
57
61
54
4148
36
42
3E
3E
44
46
69
7C
8E
95
9696
96
97
97
96
97
97
97
88
7C
69
4C35
17
26
22
1A
19
25
3D
3C
2D
25
313B
4A
25
22
2D
2A
23
24
28
41
57
6164
8D
83
79
5C
62
89
8F
8C
76
80
7467
5C
77
49
64
5E
2B
06
2E
87
87
8681
74
66
48
58
3F
35
19
31
57
51
717B
80
80
7F
7E
7E
7E
7D
7D
7C
7B
746A
46
64
75
79
79
78
77
77
77
77
7676
75
75
75
74
74
73
73
72
72
71
7170
70
6F
6F
6E
6E
6D
6D
6D
6C
6B
6B6A
6A
6A
69
69
68
68
67
67
66
67
6666
65
64
64
64
63
63
63
62
61
61
6061
60
60
5F
5F
5E
5E
5D
5D
5D
5D
5C5C
5B
5B
5B
5B
5A
59
59
59
58
58
5857
57
57
56
56
56
56
55
55
54
54
5453
53
52
52
52
51
51
51
51
50
4F
4F4F
4E
4E
4E
4D
4D
4D
4D
4C
4C
4C
4B4B
4B
4A
4A
4A
49
49
49
48
48
48
4847
47
46
46
46
45
45
45
45
44
44
4444
44
44
44
43
4E
42
42
42
41
41
4140
40
40
40
40
3F
3F
3E
3E
3E
3E
3E3D
3D
3D
3D
3C
3C
3C
3C
43
3F
21
1D1B
57
63
59
6A
73
80
6C
8F
78
07
0605
11
7D
84
78
8D
75
74
6F
55
39
4535
43
67
63
4C
34
2D
16
16
1D
19
1C09
09
14
22
51
55
43
40
24
29
45
575D
57
5B
50
70
8A
96
96
96
97
97
9697
97
96
8F
8A
80
60
5B
4E
41
42
2421
1D
1F
1E
38
1A
0E
3A
3E
2D
27
2818
1E
25
39
49
6B
84
93
90
92
94
9492
7B
7A
8E
90
8D
86
7F
6E
74
7E
5770
79
05
07
55
88
89
88
84
76
6D
6543
53
2B
19
3C
5B
6B
6B
7C
82
81
8080
80
80
7F
7E
7E
7D
7A
75
55
6D
717B
7A
7A
79
79
79
78
78
77
77
76
7675
75
75
74
74
73
73
72
72
71
71
7170
6F
6E
6F
6E
6D
6D
6C
6C
6B
6B
6B6A
69
69
69
69
68
67
67
66
66
66
6665
64
64
64
64
63
63
62
62
61
61
6060
60
5F
5F
5F
5E
5E
5D
5D
5D
5C
5C5B
5B
5B
5A
5A
5A
59
59
58
58
58
5757
57
57
56
56
55
55
55
55
54
54
5353
52
52
52
52
51
51
51
50
50
4F
4F4E
4E
4E
4E
4D
4D
4D
4D
4C
4C
4C
4C4B
4B
4A
4A
49
49
49
48
48
48
47
4747
47
46
46
46
45
45
45
45
45
45
4544
44
44
43
43
43
43
42
42
42
41
4141
40
40
3F
3F
3E
3E
3F
3F
3E
3E
3E3E
3D
3D
3D
2F
35
3F
0C
30
5A
58
686D
71
8A
7E
87
85
06
06
06
20
83
9086
8A
6D
60
54
33
45
33
47
49
40
415C
57
44
32
1A
10
1B
18
0F
0B
0E
2641
41
2B
37
4C
50
40
4E
59
78
6D
7481
87
94
96
96
96
96
97
97
97
97
9690
79
72
58
5A
52
4F
41
27
13
16
1027
11
2C
26
30
13
17
16
11
1F
3B
5247
56
74
83
90
95
96
95
95
94
90
9092
91
91
8A
82
84
86
74
7B
65
06
0973
8B
8C
8B
8A
82
6E
79
41
54
47
444D
55
5B
6F
84
84
83
83
82
82
81
8080
80
7F
7E
7D
6D
74
75
7D
7C
7B
7B7A
7A
79
79
78
78
78
77
77
77
76
7675
75
74
74
73
73
72
72
72
70
70
706F
6F
6F
6E
6D
6D
6D
6C
6C
6B
6B
6A6A
6A
69
69
68
67
67
67
66
66
65
6565
65
64
64
63
63
62
62
61
62
61
6060
5F
5F
5E
5E
5E
5D
5D
5D
5C
5C
5B5B
5B
5B
5A
59
59
59
58
58
58
58
5757
57
56
56
56
55
55
55
54
54
54
5353
52
52
52
51
51
51
51
4F
4F
4F
4F4E
4E
4E
4D
4D
4D
4D
4C
4C
4C
4B
4B4B
4A
4A
49
49
49
48
48
48
48
47
4747
47
46
46
46
46
45
45
45
45
44
4444
44
43
43
43
43
42
42
42
41
41
4140
4C
40
3F
3F
3F
3F
3F
3F
3F
3E
3E42
44
11
19
56
56
5E
43
77
8E
81
868C
8F
05
06
06
2F
8C
93
93
89
77
5834
42
35
2D
28
37
2B
21
13
34
49
523D
3C
19
20
13
0F
12
21
3C
2A
42
4D40
42
56
50
61
77
88
8D
96
96
97
9797
97
97
97
97
98
97
98
89
74
60
4A29
16
29
27
25
25
27
0B
08
10
20
2B37
26
38
09
0D
18
35
43
38
2B
35
4F56
72
93
96
96
96
95
95
95
94
93
9392
8E
92
88
8C
35
05
15
8A
8E
8E
8D8C
85
7E
6A
76
47
60
3C
4E
59
70
7282
85
85
85
84
84
83
83
82
81
81
807F
77
7A
7C
7E
7D
7D
7D
7C
7C
7B
7B7A
7A
79
79
79
78
77
77
77
76
76
7574
74
74
73
73
72
72
71
70
70
70
6F6F
6F
6E
6E
6D
6C
6C
6C
6B
6B
6B
6A6A
69
68
68
68
67
67
67
66
66
65
6565
64
64
63
63
63
62
61
61
61
60
605F
5F
5F
5F
5E
5E
5D
5D
5C
5C
5C
5B5B
5A
5A
59
59
59
59
58
58
58
58
5757
56
56
56
55
55
55
55
54
54
53
5353
52
52
52
51
51
50
50
50
4F
4F
4F4F
4E
4E
4E
4D
4D
4C
4C
4C
4B
4B
4B4A
4A
4A
4A
49
49
49
48
48
48
48
4747
47
47
46
46
46
46
46
45
45
45
4444
44
43
43
43
42
42
42
42
41
41
4140
40
40
40
40
40
3F
3F
57
1A
0D
475E
52
52
57
81
83
84
90
94
8D
03
0506
3F
91
95
93
83
62
50
4E
27
26
1019
18
14
12
0E
0C
1C
34
54
2E
33
2915
13
1A
1B
24
2E
24
3D
2B
2A
38
4455
80
93
97
96
96
97
96
97
97
97
9798
91
89
81
80
56
32
2D
38
34
25
2519
16
19
23
0E
12
1D
41
3D
39
34
1521
18
12
22
1E
1E
1E
26
52
79
84
9397
96
96
96
96
96
96
95
95
94
94
9483
05
06
50
8F
90
90
90
8E
8D
8A
7581
5D
61
60
58
66
6E
7A
88
87
87
8685
85
85
84
84
83
83
83
81
80
80
8080
7F
7E
7E
7E
7D
7D
7C
7C
7B
7B
7B7A
79
79
78
78
77
77
76
76
75
75
7574
73
73
73
73
71
71
71
70
70
6F
6F6E
6E
6D
6D
6D
6C
6B
6B
6B
6A
6A
6969
68
68
68
68
67
66
66
66
65
65
6464
63
63
63
63
62
61
62
60
60
60
5F60
5F
5E
5E
5E
5D
5D
5C
5C
5C
5B
5B5A
5A
5A
59
59
59
59
58
58
58
57
5756
56
56
55
55
55
55
54
53
53
53
5252
52
52
51
51
50
50
4F
4F
4F
4E
4E4E
4E
4E
4D
4D
4C
4C
4C
4B
4C
4B
4A4A
4A
49
49
49
48
48
48
48
47
48
4747
47
46
46
46
46
45
45
45
45
44
4443
44
43
43
42
42
42
42
41
45
41
4141
40
40
40
24
1E
0E
7F
65
40
4C
7074
89
94
8C
96
80
04
06
06
50
95
8F74
4E
36
0B
06
21
0E
15
0A
0B
0F
0E11
0D
10
1A
4B
3A
49
42
37
27
16
3438
27
21
1E
1E
24
2D
35
6A
76
88
9796
97
97
97
97
98
97
94
7A
66
62
4D3F
39
40
3C
3F
2D
20
20
17
0F
0E
1622
21
1A
38
5C
29
16
07
1B
15
1B
113A
44
54
44
36
3C
7C
96
96
96
96
9697
96
96
96
96
96
96
96
66
06
07
7492
92
92
92
91
90
8D
8E
82
75
76
6C7C
75
6E
83
89
89
89
88
88
88
87
8685
85
85
84
83
83
83
82
82
80
80
807F
7E
7E
7D
7D
7D
7D
7C
7C
7B
7B
7A79
79
78
78
77
77
76
76
75
75
74
7474
73
72
72
72
71
71
71
70
6F
6F
6F6E
6D
6D
6C
6C
6B
6B
6A
6A
6A
69
6968
68
68
67
67
66
66
66
65
65
64
6464
64
63
62
62
62
61
61
60
60
60
5F5F
5F
5E
5E
5D
5D
5D
5C
5C
5C
5B
5B5A
5A
5A
59
59
59
58
58
58
57
57
5656
55
56
55
55
54
54
53
53
53
53
5252
51
51
51
50
50
50
4F
4F
4F
4F
4E4E
4D
4C
4D
4C
4C
4C
4B
4C
4B
4B
4A4A
4A
4A
49
49
49
49
48
48
48
47
4747
46
47
46
45
46
45
45
45
45
44
4443
43
43
42
42
42
41
42
42
42
41
4128
0F
32
90
74
62
4D
7E
68
8D
90
9696
71
04
07
07
62
94
74
51
35
2F
1F0A
0F
0C
0B
0F
0E
15
17
0E
10
16
1833
4A
4A
4A
63
4E
1F
3E
26
1C
27
120C
1D
29
34
4B
5F
83
95
98
97
97
9798
98
95
86
84
74
62
48
3D
36
47
3D2E
17
12
0E
0D
13
25
16
16
32
4C
6B50
1F
0B
11
2D
0E
47
54
34
56
61
705D
48
47
7F
96
96
96
96
96
97
97
9797
97
98
96
2E
06
15
8F
94
94
94
9493
92
92
91
8D
7E
8A
73
7E
85
88
868C
8B
8B
8A
8A
89
89
88
87
87
87
8585
85
84
84
83
83
82
81
81
80
80
7F7E
7E
7E
7D
7D
7D
7C
7C
7C
7B
7A
7A79
78
78
77
77
77
77
76
75
75
74
7473
73
72
72
71
71
70
70
6F
6F
6E
6E6D
6C
6C
6C
6B
6B
6B
6A
69
69
69
6868
68
67
67
66
66
66
65
65
65
64
6463
63
62
62
62
61
61
61
60
5F
5F
5F5F
5E
5E
5E
5D
5D
5C
5C
5C
5B
5B
5A5A
5A
5A
59
59
58
58
58
58
57
57
5756
56
55
55
54
53
53
53
53
52
52
5251
51
51
51
50
50
50
4F
4F
4E
4E
4E4D
4D
4D
4C
4C
4C
4C
4B
4B
4B
4B
4A4A
4A
4A
49
49
49
48
48
47
47
47
4747
47
46
46
46
45
45
45
45
44
44
4443
43
43
43
42
42
42
42
0E
10
59
7B79
7C
60
6B
81
88
96
96
93
5D
04
060A
6C
93
6C
61
5E
43
08
20
2F
1B
1B0F
13
0F
1F
1A
10
22
16
29
4D
5B
4B75
4C
26
1A
0C
14
24
0F
18
13
28
303D
51
79
96
98
97
97
98
98
98
98
877E
70
55
38
40
52
53
4C
40
28
27
2319
07
07
16
1C
31
52
6B
31
09
1D
2432
34
4E
62
6B
59
75
78
8A
77
50
5D95
97
97
96
97
97
97
97
98
98
98
7E06
07
55
96
96
96
95
95
95
94
94
9392
8A
90
82
86
8F
8F
8E
8E
8D
8D
8C8C
8B
8B
8A
89
89
89
88
88
86
86
8585
85
84
83
83
82
81
81
80
80
7F
7F7E
7E
7E
7D
7D
7C
7C
7B
7B
7A
79
7979
78
78
77
77
76
76
75
75
74
74
7373
72
72
71
71
70
70
6F
6F
6E
6E
6D6D
6C
6C
6B
6B
6B
6A
69
69
69
68
6868
67
66
66
66
66
66
65
65
64
63
6363
62
62
62
62
61
60
60
60
60
60
5F5F
5E
5E
5E
5D
5D
5C
5C
5B
5B
5B
5A5A
5A
59
59
59
59
58
58
57
57
57
5656
56
55
54
54
53
53
53
53
53
52
5251
51
51
50
50
50
50
4F
4F
4E
4E
4E4E
4D
4D
4D
4D
4C
4C
4C
4C
4C
4B
4A4A
4A
49
49
49
49
4E
48
48
47
47
4747
47
46
46
46
46
46
45
44
44
44
4444
44
43
43
0C
32
65
65
78
8F
72
7293
8F
90
95
8E
43
05
06
14
57
88
6F65
49
24
37
4F
31
0C
4C
2B
16
2E
2F2F
25
10
1D
30
40
58
42
78
10
10
1218
12
0E
1F
16
14
2D
45
36
49
5F
8481
88
8F
98
98
98
97
96
7A
69
5A
5663
50
4F
43
39
2C
12
16
2C
40
31
1B14
29
40
3E
0A
13
15
14
21
3E
2D
5B6B
87
86
91
91
95
8F
56
83
97
97
9797
97
97
98
98
98
97
53
06
09
7C
9696
96
96
96
96
96
95
95
95
94
93
8F92
92
91
90
90
90
8F
8E
8E
8D
8D
8C8C
8B
8A
8A
89
88
88
87
87
86
86
8584
84
83
83
82
82
81
81
80
7F
7F
7F7E
7E
7D
7D
7C
7B
7B
7A
7A
7A
79
7978
78
77
77
76
76
75
75
74
74
73
7272
72
71
71
70
70
6F
6F
6E
6E
6D
6D6C
6C
6C
6B
6B
6A
6A
6A
6A
69
68
6867
67
67
66
66
66
65
64
64
63
63
6363
63
62
61
61
61
61
60
60
60
5F
5F5E
5E
5D
5D
5D
5C
5C
5C
5B
5B
5B
5A5A
59
59
59
59
58
58
57
57
57
56
5655
55
54
54
54
54
53
53
53
52
52
5251
51
51
50
50
50
50
4F
4F
4E
4E
4D4E
4E
4D
4D
4D
4D
4C
4C
4B
4B
4B
4B4A
4A
4A
49
49
49
49
48
48
48
47
4746
46
46
46
46
46
49
45
45
44
44
440C
44
5B
77
6E
8B
8E
84
88
97
93
8389
16
07
06
27
34
74
6D
5B
5D
58
5843
56
3B
5F
4A
49
3A
53
25
41
14
1038
2F
51
55
35
0A
0F
16
0F
11
16
150F
10
31
3B
43
3B
4E
53
6D
8C
91
9498
98
98
8B
80
7D
72
64
56
27
1E
3442
32
41
2F
3A
1F
2E
1F
22
2E
12
1B07
08
0E
21
2C
32
22
36
60
83
96
9797
97
97
81
68
97
97
97
97
98
98
9898
98
8D
08
06
2B
94
96
96
97
97
9796
96
96
96
96
96
95
94
94
94
93
9392
92
91
90
90
8F
8F
8E
8D
8D
8C
8B8B
8A
8A
89
88
88
8E
87
86
85
85
8584
84
83
82
81
81
81
81
80
7F
7F
7F7E
7D
7D
7C
7C
7B
7A
7A
79
79
79
7877
77
77
76
76
75
75
74
74
73
72
7272
71
71
70
70
6F
6F
6E
6E
6D
6D
6D6C
6C
6C
6B
6A
6A
6A
69
68
68
68
6867
66
66
66
65
65
65
65
64
64
63
6262
62
62
61
61
61
60
60
60
5F
5F
5E5E
5D
5D
5D
5D
5C
5C
5B
5B
5B
5A
5A5A
59
59
59
58
57
57
57
57
56
56
5555
54
54
54
54
53
53
53
52
52
52
5151
51
50
50
50
50
4F
4E
4F
4E
4E
4E4D
4D
4D
4C
4C
4C
4C
4B
4B
4B
4B
4A4A
4A
4B
49
49
49
48
48
48
48
48
4747
46
46
46
46
46
46
45
2F
62
73
6982
72
8F
89
8F
96
95
77
7A
03
05
0737
10
5E
77
8B
68
7E
67
5E
73
58
6151
56
54
50
2F
1A
1F
21
18
20
3C
3905
0F
14
09
09
10
0D
15
14
10
22
373A
53
58
4B
56
72
7E
94
98
98
98
9491
88
81
69
4C
37
29
2D
56
46
55
402B
1D
2D
1F
0B
2A
12
06
07
0C
28
1233
3D
52
44
29
2F
6F
84
97
98
97
9874
8F
98
97
98
98
98
98
99
98
66
0508
67
97
96
97
96
96
97
97
96
97
9696
96
96
96
96
95
95
94
94
94
93
9392
91
90
90
8F
8F
8E
8D
8D
8C
8C
8B8B
8A
89
89
89
88
86
86
85
85
84
8488
83
82
82
82
81
80
80
7F
7F
7E
7E7D
7C
7C
7C
7B
7B
7A
79
79
78
78
7877
77
76
76
75
75
74
73
73
73
72
7271
71
70
70
6F
6F
6E
6E
6E
6D
6C
6D6C
6B
6B
6B
6A
6A
69
69
68
68
68
6767
67
67
66
65
65
64
64
63
63
63
6362
62
61
61
60
60
60
5F
5F
5F
5E
5E5E
5E
5D
5C
5C
5C
5C
5B
5A
5A
5A
5A59
59
58
58
58
57
57
57
56
56
56
5655
54
55
54
54
53
53
53
53
52
52
5151
51
51
50
50
4F
4F
4F
4E
4E
4E
4E4D
4D
4D
4D
4C
4C
4C
4B
4B
4B
4A
4A4A
4A
49
49
49
49
49
48
48
48
48
4847
47
46
46
52
63
76
78
7E
80
8E
8789
92
93
84
4A
03
05
08
4E
26
3F
9287
89
8E
76
7D
6D
5C
3A
3E
42
42
1B49
2A
21
2E
21
19
12
26
05
05
27
273C
15
13
0A
16
14
27
3B
32
48
44
5663
5E
7D
94
98
98
98
98
98
96
85
6A57
54
48
5F
56
66
48
32
1F
39
1B
0812
09
20
06
1C
1B
09
09
1B
3D
5B
3B43
37
28
69
8E
98
98
98
8E
91
98
9898
98
98
99
99
93
21
06
10
8C
97
9797
97
97
96
97
97
96
97
97
96
97
9697
96
96
96
96
95
94
94
93
93
93
9291
91
90
8F
8F
8E
8E
8D
8D
8C
8B
8B8A
8A
89
88
88
87
86
86
85
85
84
8483
82
82
81
81
80
80
7F
7F
7E
7E
7D7C
7C
7C
7B
7B
7A
7A
79
79
78
78
7877
76
76
75
74
74
74
73
72
72
71
7171
6F
6F
6F
6F
6F
6E
6D
6D
6D
6C
6C6B
6B
6A
6A
6A
69
69
69
68
68
67
6766
66
65
65
65
64
64
64
64
63
62
6262
61
61
61
60
60
60
5F
5F
5E
5E
5E5E
5D
5D
5D
5C
5B
5B
5B
5A
5A
5A
5959
58
58
58
57
57
57
56
56
56
55
5555
54
54
54
54
53
52
52
54
52
51
5151
50
50
50
50
50
4F
4F
4E
4E
4E
4D4D
4D
4D
4D
4C
4C
4C
4B
4B
4B
4A
4B4A
4A
4A
49
49
49
49
48
48
48
48
4768
4E
62
7C
7F
88
80
8E
83
84
90
6942
04
06
09
67
53
04
8B
89
96
95
7E6F
48
36
39
47
38
52
5A
65
3A
18
571D
10
08
1D
04
08
0B
39
43
49
34
0F25
10
0E
2F
54
48
3D
28
3C
6A
77
8598
98
98
98
99
99
87
76
76
68
67
7271
62
39
31
39
27
05
06
25
06
22
0619
17
1E
0A
17
11
28
44
55
5A
47
505A
93
98
99
98
98
99
98
98
99
99
9A99
70
06
07
54
97
97
98
98
99
9C
9797
97
97
97
97
97
96
97
96
97
96
9696
96
96
95
95
94
94
93
93
93
92
9191
90
90
8F
8E
8E
8D
8D
8C
8C
8B
8A89
89
88
88
87
86
86
85
85
85
84
8382
82
81
81
80
80
7F
7F
7E
7E
7D
7D7C
7C
7B
7B
7A
7A
7A
79
78
78
77
7776
76
75
75
74
73
73
72
72
72
71
7070
70
6F
6F
6E
6E
6E
6D
6D
6D
6C
6C6B
6B
6A
69
69
69
69
68
68
68
67
6766
66
65
65
64
64
64
63
63
63
63
6262
61
61
60
60
60
5F
5F
5F
5E
5E
5E5D
5C
5C
5C
5B
5B
5B
5B
59
5A
59
5959
58
58
58
57
57
57
56
56
55
55
5554
54
54
52
66
52
52
52
52
52
51
5151
50
50
4F
4F
4F
4F
4F
4E
4E
4E
4D4D
4D
4D
4D
4C
4C
4C
4B
4B
4B
4B
4A4A
4A
4A
49
49
49
49
48
6D
6B
79
6970
7E
74
7D
78
7C
7F
69
1D
05
07
0A6E
67
01
71
80
92
7E
4E
3C
48
48
5346
37
3B
52
51
40
31
4D
24
1E
1E
0504
19
0C
1C
26
4F
42
27
41
2B
30
3B55
4F
41
34
35
51
6C
92
92
99
98
9999
99
90
8A
7A
8C
8B
88
7D
4E
3E
4028
23
21
1C
15
09
11
06
1A
20
1C
1B10
16
0B
32
59
62
5B
6D
60
79
95
9999
99
99
99
99
99
9A
9B
95
2A
06
0D86
98
98
98
98
97
98
98
98
98
98
9797
97
97
97
97
97
96
97
96
97
96
9696
96
95
95
94
94
93
93
92
92
92
9190
8F
8F
8E
8E
8D
8D
8C
8C
8B
8A
8989
88
88
87
87
86
85
85
84
84
83
8382
81
81
81
7F
7F
7F
7E
7E
7D
7D
7C7C
7B
7B
7A
7A
79
79
78
78
77
76
7675
75
75
74
73
73
73
73
72
71
71
7070
6F
6F
6E
6E
6E
6D
6D
6C
6C
6B
6B6A
6A
6A
69
69
68
68
68
67
67
66
6666
65
65
65
64
64
64
63
63
63
62
6261
61
61
60
60
60
5F
5F
5E
5E
5D
5D5C
5C
5C
5B
5B
5B
5A
5A
5A
59
59
5958
58
58
57
57
57
56
56
56
55
55
5453
53
54
53
53
52
52
52
52
52
51
5050
50
50
50
50
4F
4F
4F
4F
4E
4E
4E4E
4D
4D
4D
4D
4C
4C
4C
4B
4B
4A
4A4A
4A
4A
49
65
61
67
46
4C
67
66
5F5B
48
66
54
03
05
06
14
57
76
01
477D
5D
36
2A
56
31
63
59
34
14
12
2A35
10
1E
48
4F
3C
3A
04
13
06
14
1813
2F
1C
37
32
42
62
48
5B
6A
37
484F
58
68
84
98
98
99
99
9A
99
98
8C92
99
9A
96
6A
57
57
33
36
27
37
1916
1C
07
06
0F
27
24
2D
0B
1A
1A
2B42
6B
73
80
72
70
98
99
99
99
99
9A9A
9A
9A
9A
71
05
06
4D
98
98
99
9998
98
98
98
98
98
98
98
98
98
98
9797
97
97
97
97
97
96
96
96
96
96
9696
95
95
94
94
93
93
92
92
91
91
908F
8F
8F
8E
8D
8C
8C
8B
8B
8A
89
8988
87
87
86
85
85
85
84
83
83
82
8281
81
80
7F
7F
7E
7F
7E
7E
7D
7C
7C7B
7A
7A
79
79
78
78
78
77
77
77
7675
75
74
74
74
73
72
72
71
71
70
7070
6F
6E
6E
6E
6E
6D
6C
6C
6C
6C
6B6B
6A
6A
69
69
69
68
68
67
67
67
6666
65
65
65
64
64
63
63
63
62
62
6160
60
60
60
5F
5F
5F
5E
5E
5E
5D
5D5C
5C
5B
5C
5B
5A
5B
5A
59
59
59
5958
58
57
57
57
56
56
56
55
55
55
5554
54
54
52
51
B6
60
51
51
51
51
5151
50
50
50
50
4F
4F
4E
4E
4D
4D
4D4D
4D
4D
4C
4D
4C
4C
4C
4B
4B
4B
4B58
49
49
24
38
45
3B
3F
40
22
28
3403
05
06
2A
36
76
01
28
57
27
44
5153
4D
63
4D
1F
15
17
38
1A
42
48
4853
43
3B
04
07
06
14
13
11
1A
1B
3837
36
6A
80
82
65
53
5B
65
64
74
8397
99
99
99
9A
9A
99
99
99
9A
9B
8969
53
4B
52
45
38
34
34
1C
0F
07
0618
25
36
46
3D
0F
13
15
3F
48
82
888C
8B
94
9A
9A
9A
9A
9A
9A
9B
9B
9426
06
0E
87
99
99
99
99
99
99
99
9998
98
98
98
98
98
98
98
98
97
97
9797
97
97
97
96
97
96
96
96
96
96
9595
94
94
93
93
92
92
92
92
90
90
8F8F
8E
8E
8D
8C
8C
8B
8B
8A
8A
88
8887
86
86
86
85
85
84
84
83
82
84
8181
80
80
7F
7F
7E
7D
7D
7C
7C
7B
7B7B
7A
79
79
78
78
77
77
77
76
76
7574
74
74
74
73
73
72
71
71
70
70
6F6F
6F
6E
6E
6E
6D
6D
6C
74
6B
6B
6B6A
6A
69
69
68
68
68
67
67
67
66
6666
65
65
64
64
64
63
63
62
61
61
6261
61
60
60
60
5F
5F
5E
5E
5D
5D
5C5C
5C
5B
5B
5B
5A
5A
5A
59
59
58
5858
58
57
57
57
57
56
56
56
55
55
5453
A7
5C
53
53
53
52
52
52
52
51
5151
51
51
50
50
4F
4F
4F
4F
4E
4E
4E4E
4D
4D
4D
4D
4C
4C
4C
48
49
50
2337
28
28
37
38
22
21
1C
04
05
06
3828
6E
21
0F
37
47
3C
58
4F
72
51
2220
2B
15
23
43
57
58
57
4B
4B
34
0407
13
17
15
18
0C
22
24
3B
42
45
7193
82
6D
67
7F
76
79
8F
99
99
99
9A99
9A
99
99
9A
9A
94
6F
59
43
3A
534D
3C
37
3A
27
06
06
06
11
25
31
4D48
30
1C
21
2A
38
6D
8B
99
98
9B
9B9A
9A
9A
9B
9B
9B
9B
67
05
07
54
9999
99
99
99
99
99
99
99
99
99
99
9998
98
98
98
98
98
98
97
97
97
97
9797
97
97
96
96
96
96
96
96
96
95
9594
94
93
93
93
92
92
92
90
8F
8F
8E8D
8D
8D
8C
8B
8B
8A
8A
89
89
88
8786
86
85
85
84
84
83
83
82
82
81
8180
7F
7F
7F
7E
7D
7D
7D
7C
7C
7B
7B7A
79
79
78
79
78
77
77
76
76
75
7574
74
73
73
72
72
71
71
71
70
70
6F6F
6F
6E
6E
6E
6C
6C
6C
6C
6B
6B
6A6A
69
69
69
68
68
67
67
66
66
66
6565
65
64
64
64
63
63
62
62
62
61
6161
60
60
60
5F
5F
5E
5D
5D
5D
5D
5C5C
5B
5B
5B
5B
5A
5A
59
59
59
58
5858
58
57
57
57
56
56
56
55
55
54
5454
54
54
53
53
52
53
53
52
52
52
5151
51
50
50
50
4F
4F
4E
4E
4E
4E
4E4E
4D
4D
4D
21
2D
39
19
2A
22
24
2721
1E
1D
0E
05
05
07
36
20
56
37
0246
40
45
54
61
3F
33
31
25
28
28
3828
4A
57
48
5E
49
27
04
07
0E
15
1819
0A
0B
2E
2C
38
37
49
72
93
90
8283
8B
8D
96
99
9A
9A
9A
9A
9A
9A
9A9B
9B
90
7C
4A
2E
50
63
4C
3F
3E
3130
0A
07
06
19
22
38
55
43
35
18
332D
47
58
91
9C
9B
9B
9B
9B
9B
9B
9C9C
9C
8E
16
06
13
8A
9A
9A
9A
99
9A99
99
99
99
99
99
99
99
99
99
99
9998
98
98
98
97
97
97
97
97
97
97
9796
97
96
96
96
96
96
96
95
95
95
9494
93
93
92
91
91
90
90
8F
8F
8E
8E8D
8D
8C
8B
8B
8A
89
89
88
87
87
8686
85
85
85
84
83
83
82
82
81
81
807F
7E
7E
7E
7E
7C
7C
7C
7B
7B
7A
7A79
79
79
78
78
77
77
76
76
75
75
7474
74
73
73
72
71
71
71
70
70
6F
6F6E
6E
6E
6D
6D
6D
6C
74
6B
6B
6A
6A69
69
69
68
68
67
68
67
66
66
66
6565
65
64
64
63
63
62
62
62
61
61
6160
60
5F
60
5F
5F
5E
5E
5D
5C
5C
5C5C
5B
5B
5B
5A
5A
5A
5A
59
59
59
5858
58
58
57
57
56
56
56
55
55
55
5454
54
54
53
53
53
53
52
52
52
51
5151
50
52
50
50
4F
4F
4F
4F
4E
4F
4E38
1F
2F
1F
1D
21
1B
24
15
1A
18
0605
05
0D
31
20
42
31
04
35
42
63
565F
4A
44
3A
27
05
2E
21
43
62
6E
736B
40
13
04
13
11
16
1D
27
1A
0B
1826
2B
3A
47
5F
70
94
98
93
99
96
9A9A
9B
91
98
9A
9B
9B
9B
9F
9C
9A
7545
34
46
7A
74
63
47
33
38
08
11
0736
1C
3A
46
61
52
41
35
2D
41
5C
7B9C
9C
9C
9B
9C
9C
9D
9D
9D
9C
51
0507
61
9A
9B
9B
9B
9B
9A
9A
9A
9A
999A
9A
99
99
99
99
98
98
99
99
98
9898
97
98
97
98
97
97
97
97
97
97
9796
96
97
96
96
96
96
95
95
95
94
9392
93
92
91
91
91
90
8F
8E
8E
8D
8D8C
8C
8B
8A
8A
89
89
88
87
87
86
8685
85
85
84
84
83
82
82
81
81
80
7F7F
7F
7E
7D
7D
7C
7C
7B
7B
7A
7A
7979
79
78
78
78
77
76
76
75
75
74
7473
73
73
73
72
72
71
70
70
70
6F
6F6E
6E
6D
6E
6C
6C
6C
6B
6B
6B
6A
6A69
69
69
68
68
67
67
67
66
66
66
6564
64
64
64
63
63
63
62
61
61
61
6160
60
60
5F
5F
5E
5E
5E
5D
5D
5C
5C5C
5B
5B
5A
5A
5A
5A
5A
59
59
59
5958
58
57
57
57
56
56
55
56
55
55
5454
54
53
53
53
53
53
52
52
52
52
5151
51
51
50
50
50
4F
4F
2A
19
16
1816
1D
29
13
16
14
11
05
05
07
21
2819
2B
2F
04
27
3D
3F
69
62
53
45
3B3E
17
51
1D
6A
69
66
84
50
58
2F
0428
0C
33
2C
32
1B
1A
0C
2C
35
35
5C60
80
8A
99
99
98
9B
96
98
8F
8D
9B9B
9B
9B
9C
9D
9D
9C
73
3D
50
63
8078
4E
50
2A
3A
1A
1A
08
4C
32
31
656F
5C
65
39
5F
41
65
7F
9A
9D
9D
9D9D
9D
9D
9E
9E
7D
06
06
27
94
9B
9C9C
9B
9C
9C
9B
9A
9B
9B
9B
9B
9A
9A9A
99
99
99
99
99
99
99
99
99
98
9898
98
98
97
97
97
97
97
97
97
96
9696
97
96
96
95
96
95
94
95
94
94
9393
92
91
98
97
8F
8F
8E
8E
8D
8D
8C8B
8B
8A
89
89
88
88
87
87
86
86
8685
84
84
83
83
82
81
81
81
80
80
7F7E
7E
7D
7D
7D
7C
7C
7B
7B
7A
79
7979
78
78
77
78
76
76
76
75
75
74
7473
73
72
72
72
72
71
71
70
70
6F
6E6E
6E
6D
6D
6D
6C
6C
6B
6B
6B
6A
6A69
69
68
68
68
67
67
66
66
66
66
6565
64
64
64
63
62
62
62
62
61
61
6060
60
5F
5F
5E
5E
5D
5D
5D
5C
5C
5C5C
5C
5B
5B
5B
5A
5A
5A
59
59
59
5958
58
57
57
57
56
56
56
56
55
55
5554
54
54
54
54
53
53
53
52
52
52
5151
51
51
50
12
0F
0D
0D
0C
0F
1D
201B
13
0D
05
05
07
32
12
1D
1A
1A
0434
32
47
74
59
5D
3B
3F
4B
35
54
2C65
72
82
81
75
50
0C
03
37
14
25
3030
22
1D
0A
1E
2C
3D
4E
77
87
90
948F
96
9C
96
85
89
98
9C
9C
9C
9C
9C9D
9D
9C
62
5D
65
82
84
6F
60
31
1732
3E
2E
05
65
47
4E
57
82
7B
73
6C65
63
68
95
9B
9E
9E
9E
9F
9F
9F
9F96
2B
05
08
75
9C
9D
9D
9D
9D
9D
9C9C
9C
9C
9C
9B
9B
9B
9B
9B
9A
9A
9999
9A
99
99
99
99
99
99
99
98
98
9898
97
98
97
97
97
97
97
96
97
96
9696
96
96
96
95
95
94
94
93
93
92
9191
91
90
90
8F
8E
8D
8D
8C
8C
8C
8B8A
8A
8A
89
89
88
87
87
86
86
85
8584
84
84
83
82
82
81
80
80
7F
7F
7F7E
7E
7D
7C
7C
7C
7B
7B
7A
7A
79
7979
78
77
77
77
77
76
76
75
74
74
7474
74
73
72
72
71
70
70
70
6F
6F
6E6E
6D
6D
6D
6C
6C
6C
6C
6B
6A
6A
6969
69
69
68
67
67
67
66
66
65
65
6564
64
64
63
63
62
62
62
61
61
61
6060
60
5F
5F
5F
5E
5E
5D
5D
5D
5D
5C5C
5B
5B
5B
5A
5A
5A
59
59
59
59
5958
57
57
56
57
57
56
56
55
55
55
5555
55
55
54
54
54
54
53
52
52
52
5204
04
08
06
07
06
07
10
18
0F
09
0604
08
34
10
15
15
0B
04
1A
14
14
5157
21
1F
2F
55
33
4A
4C
77
8C
99
7C56
64
2E
03
3B
6D
25
40
39
20
12
0B09
2D
3B
57
5F
8B
80
86
6D
8F
97
7C81
88
9C
9D
9D
9D
9E
9E
9E
9E
95
7B79
7E
92
90
80
5F
39
24
35
3F
3C
2669
68
60
73
8B
9B
8D
87
78
89
76
979E
9F
9F
9F
A0
A0
A0
9F
59
05
07
479B
9E
9E
9E
9E
9E
9E
9D
9D
9D
9C
9C9C
9C
9C
9C
9B
9B
9B
9A
9B
9A
99
999A
99
99
99
99
98
98
98
98
98
98
9798
97
97
97
97
96
97
97
96
97
97
9696
96
96
95
94
94
93
92
92
92
92
9190
8F
8F
8F
8E
8D
8D
8D
8C
8B
8B
8B8A
89
89
89
88
87
87
86
85
85
85
8484
83
83
82
82
81
81
80
80
7F
7F
7F7D
7E
7D
7D
7C
7C
7B
7B
7A
7A
79
7978
78
78
77
76
76
76
75
75
75
74
7473
73
72
72
72
71
71
70
70
6F
6F
6E6E
6E
6D
6D
6C
6C
6B
6B
6A
6A
6A
6968
68
68
67
67
67
67
66
66
66
65
6565
64
63
63
63
63
62
61
61
61
61
6060
60
5F
5F
5F
5E
5E
5E
5D
5D
5D
5C5C
5B
5B
5A
5A
5A
5A
59
59
59
59
5858
58
57
57
57
57
56
56
56
55
55
5555
54
54
54
54
53
53
52
1A
06
06
0406
09
07
07
07
0B
05
05
04
0D
2B
0608
06
09
0A
05
05
03
20
09
07
06
153E
31
63
5E
90
86
8C
86
73
5A
30
0343
56
70
40
4A
1E
14
10
21
14
34
4969
83
90
8B
75
79
77
6F
73
96
9B
9E9F
9E
9E
9E
9E
9F
9E
95
8C
90
9A
9D82
6E
58
42
3B
39
3F
35
83
7B
77
8C93
A0
99
9C
91
9F
8B
91
9F
A0
A0
A0A1
A1
A1
7F
06
06
15
8D
9F
9F
9F
9F9F
9F
9F
9F
9E
9E
9E
9D
9D
9D
9C
9C9C
9C
9B
9B
9B
9B
9A
9D
9A
99
9A
9A99
99
99
98
98
98
98
98
98
98
97
9797
97
97
97
97
96
96
96
96
96
96
9696
95
95
94
94
93
93
92
92
91
91
908F
8F
8E
8E
8D
8D
8C
8C
8B
8B
8B
8A8A
89
88
88
87
87
86
86
86
85
85
8484
83
82
82
81
81
80
80
80
7F
7F
7E7E
7D
7D
7C
7C
7B
7B
7B
7B
79
79
7979
78
77
77
77
76
76
76
75
74
74
7373
73
72
72
71
71
70
70
6F
6F
6F
6E6E
6D
6D
6D
6C
6C
6B
6A
6B
6A
6A
6969
68
68
67
67
67
67
66
66
66
65
6464
64
63
63
63
62
62
61
61
61
60
6060
60
5F
5F
5E
5E
5E
5D
5D
5D
5C
5C5C
5B
5B
5B
5B
5A
5A
59
59
59
58
5A58
58
58
57
57
57
56
56
56
55
55
5555
55
54
54
0D
06
0A
08
06
06
05
0706
07
05
04
06
25
1C
09
04
06
08
0907
07
0B
08
05
06
09
09
24
26
64
6C86
89
90
87
69
54
0C
04
44
3F
4E
7D46
1A
27
1F
0F
26
42
52
5F
83
87
7B41
7A
6D
84
7D
9A
9F
A0
9F
A0
A0
9FA0
9F
A0
9F
9F
A0
A1
9E
8B
8D
6B
6A52
70
14
62
9A
93
99
98
9D
A2
A2
A2A0
A2
99
9B
A1
A1
A2
A2
A2
A2
94
2006
07
70
A0
A1
A1
A1
A1
A1
A0
A0
9F9F
9F
9F
9F
9F
9E
9E
9D
9D
9D
9D
9C9C
9C
9B
9B
9B
9A
9A
9A
99
9A
99
9998
99
98
98
98
98
98
98
98
98
97
9797
97
97
96
96
96
97
96
96
96
95
9695
95
94
94
92
92
92
91
91
90
90
8F8F
8E
8D
8D
8D
8C
8C
8C
8B
8A
8A
8989
88
87
87
87
86
85
85
84
84
84
8483
82
82
81
88
81
80
80
80
7F
7F
7E7E
7D
7D
7D
7C
7C
7B
7A
7A
79
79
7978
78
77
77
77
76
75
75
75
75
74
7373
72
72
72
71
71
70
6F
6F
6F
6E
6E6D
6D
6D
6C
6B
6B
6B
6B
6A
6A
69
6968
68
68
67
67
67
67
66
66
65
65
6464
64
63
63
63
62
62
61
61
61
60
6060
60
5F
5F
5F
5E
5E
5D
5D
5D
5C
5C5C
5B
5B
5B
5B
5A
5A
59
59
59
59
5858
58
58
57
57
57
56
56
56
56
56
5505
04
05
0A
0C
09
05
04
07
06
05
0507
2E
06
04
03
05
05
04
08
09
05
0507
07
07
07
07
07
46
5A
79
6E
79
6C53
55
1F
04
28
3D
3D
43
4A
36
0F
1C1B
37
2C
5A
57
7A
77
5A
64
84
76
788D
9B
97
A1
9E
9E
A1
9D
A0
A1
A1
A1A1
A2
A2
A1
A0
92
8A
81
78
72
04
80A4
A3
A3
A4
A4
A4
A4
A4
A4
A4
A4
A3A3
A3
A3
A3
A3
9F
48
05
07
43
9E
A2A2
A2
A2
A2
A2
A2
A1
A1
A1
A0
A0
9F9F
9F
9F
9F
9E
9E
9D
9D
9D
9C
9C
9B9B
9B
9B
9B
9A
9A
9A
99
99
99
99
9D99
99
98
98
98
9A
98
97
97
97
97
9797
96
96
96
96
96
96
96
96
96
95
9594
94
93
93
92
91
91
91
90
90
8F
8F8E
8D
8D
8D
8C
8B
8C
8B
8A
8A
89
8988
87
87
87
86
86
85
85
84
84
84
8382
82
82
82
81
81
80
80
7F
7F
7E
7E7D
7D
7C
7F
7D
7B
7B
7A
7A
79
79
7978
78
77
77
76
76
76
75
75
74
74
7372
72
72
71
71
71
70
70
6F
6F
6F
6E6D
6D
6D
6D
6B
6B
6B
6B
6A
6A
69
6968
68
68
67
67
67
66
66
65
65
65
6564
64
64
63
63
62
62
62
61
61
61
6060
5F
5F
5E
5E
5F
5E
5E
5D
5C
5C
5C5C
5B
5B
5B
5A
5A
5A
5A
59
59
59
5858
58
58
57
57
57
57
56
18
09
0D
0807
07
05
04
05
05
04
04
0C
30
06
0302
06
04
05
06
06
06
06
06
07
05
0505
06
06
4C
65
55
50
3A
33
5A
04
041F
3A
52
33
43
31
20
1C
18
29
25
3B4D
3A
47
5C
69
5B
82
9B
9B
9C
9C
9C9C
A0
A3
9A
9D
A3
A3
A4
A4
A4
A3
A4A4
A2
9A
9D
99
77
05
93
A6
A6
A5
A5A6
A6
A6
A6
A6
A6
A6
A6
A5
A6
A6
A6A5
6B
06
06
14
8F
A3
A4
A4
A4
A4
A3A3
A3
A2
A2
A2
A2
A1
A1
A1
A1
A0
A0A0
9F
9F
9F
9E
9E
9D
9D
9D
9C
9C
9B9B
9B
9B
9B
9A
9A
9A
9A
99
99
99
9998
98
98
98
98
98
98
98
97
98
97
9797
97
96
96
96
96
96
96
95
95
94
9494
93
93
92
91
91
90
90
90
8F
8E
8F8E
8D
8D
8C
8C
8B
8B
8B
8A
89
89
8988
88
87
86
86
86
85
85
85
84
84
8383
83
82
82
81
81
80
7F
7F
7F
7E
7E7E
7D
7D
7D
7C
7B
7B
7B
7A
79
79
7978
78
77
77
76
76
75
75
75
74
74
7373
73
72
72
71
71
71
70
6F
6F
6E
6E6E
6D
6D
6D
6C
6B
6B
6B
6A
6A
6A
6969
68
68
68
67
67
67
66
66
65
65
6564
64
64
63
63
62
62
62
61
62
61
6060
60
5F
5F
5F
5F
5E
5D
5D
5D
5C
5C5C
5C
5C
5B
5B
5B
5A
5A
59
59
59
5959
58
58
58
1A
0F
0C
0B
0B
07
03
0307
05
03
06
1D
24
06
03
06
07
06
0606
04
09
06
05
05
05
04
04
04
07
223A
48
31
34
2F
38
05
04
10
35
53
4D3C
32
1B
0E
2A
20
1E
1F
2F
31
35
615A
4A
83
85
83
8D
A0
7F
8D
9C
99
909B
A2
A1
A5
A5
A3
A3
A4
A6
A7
A7
A8A7
63
0A
A5
A8
A9
A8
A8
A9
A9
A8
A8A8
A8
A8
A8
A8
A8
A8
A8
85
07
06
0A73
A5
A6
A6
A6
A6
A5
A5
A5
A5
A4
A4A3
A3
A3
A2
A3
A2
A2
A1
A1
A1
A0
9F9F
9F
9F
9E
9E
9E
9D
9C
9C
9C
9B
9B9B
9B
9B
9A
9A
9A
9A
99
99
9A
99
9999
98
98
98
98
98
98
98
97
97
97
9797
97
97
96
96
95
95
95
95
94
94
9493
92
92
91
91
90
90
90
8F
8F
8E
8E8E
8D
8D
8C
8B
8B
8A
8B
8A
8A
89
8888
88
87
86
86
86
86
85
84
84
84
8383
82
82
81
81
80
80
80
7F
7E
7E
7E7D
7D
7C
7C
7B
7B
7A
7A
7A
7A
79
7878
77
77
77
76
76
76
75
75
75
74
7372
72
72
71
71
71
70
6F
6F
6F
6E
6E6E
6D
6D
6C
6C
6B
6B
6B
6B
6A
69
6969
68
68
68
67
67
67
66
66
65
65
6564
64
63
63
63
62
62
62
61
62
61
6060
60
5F
5F
5F
5E
5E
5E
5D
5D
5C
5C5C
5C
5B
5B
5B
5B
5B
5A
59
59
59
590F
0D
0E
0A
05
03
03
03
07
04
04
062A
06
06
04
05
07
0A
0A
0B
06
05
0404
04
04
05
04
06
08
0F
15
1A
30
2F28
1D
05
04
16
2C
41
69
34
36
16
0E18
1D
13
13
19
26
1B
41
59
65
90
9263
69
84
58
72
84
77
81
82
9F
97
A38F
A0
A5
A6
A8
A8
A9
AA
AA
33
51
AAAA
AA
AA
AA
AA
AA
AA
AA
AA
AA
AA
AAAA
A9
A9
95
20
05
07
4F
A3
A8
A7
A7A7
A7
A7
A7
A6
A6
A5
A5
A5
A5
A4
A4A3
A3
A3
A3
A2
A2
A1
A1
A0
A0
9F
9F9F
9E
9F
9E
9D
9D
9D
9C
9C
9C
9B
9B9B
9B
9B
9A
9A
9A
9A
99
99
99
99
9998
98
98
98
97
97
98
97
97
97
97
9696
96
95
95
96
95
95
94
94
93
93
9292
92
91
91
91
90
90
8F
8F
8E
8E
8D8D
8D
8C
8C
8C
8B
8A
8A
8A
89
88
8888
88
87
86
86
86
85
85
84
84
83
8383
82
82
81
80
80
7F
7F
7E
7E
7D
7E7D
7D
7C
7B
7B
7B
7A
7A
79
79
79
7877
77
77
76
76
76
75
75
74
74
73
7372
72
72
71
71
70
70
6F
6F
6E
6E
6E6D
6D
6C
6C
6C
6B
6B
6B
6A
6A
6A
6969
68
68
68
67
67
67
66
66
65
64
6464
64
63
63
63
62
62
61
62
61
60
6060
5F
5F
5F
5E
5E
5D
5D
5D
5D
5C
5C5C
5C
5C
5B
5B
5A
5A
5A
09
0D
0E
0A0C
05
03
05
06
05
04
07
23
07
06
0405
08
0A
05
04
06
05
05
03
03
04
0404
04
07
0C
11
15
21
29
24
1D
04
0413
38
3C
76
5B
44
22
0C
0F
18
1B
1712
12
28
4B
68
8A
83
8D
78
52
51
454F
56
53
60
58
8C
94
88
8B
A7
A3
A9AA
AB
AB
AC
9B
04
77
AC
AC
AC
AC
ACAC
AC
AC
AC
AC
AB
AC
AB
AB
AC
A1
3505
08
33
9F
A9
AA
AA
AA
A9
A9
A8
A8A8
A8
A7
A7
A7
A6
A6
A5
A5
A4
A4
A4A3
A3
A2
A2
A1
A1
A1
A0
A0
9F
9F
9E9E
9E
9E
9D
9C
9C
9C
9C
9C
9B
9B
9B9B
9B
9A
9A
9A
99
99
99
99
99
99
9898
98
98
97
97
97
97
96
97
96
96
9696
96
95
95
95
94
94
94
93
93
92
9292
91
91
90
90
8F
8F
8F
8E
8D
8D
8D8C
8C
8C
8B
8B
8A
8A
8A
89
88
88
8887
87
86
86
86
85
84
84
84
83
83
8282
82
81
80
80
7F
7F
7E
7E
7E
7E
7D7D
7C
7B
7B
7A
7A
99
79
78
79
78
7777
77
77
76
75
75
75
74
74
73
73
7371
71
71
70
70
70
6F
6F
6F
6E
6E
6E6D
6C
6C
6C
6C
6B
6B
6A
6A
6A
69
6969
6A
68
67
67
66
66
65
65
65
65
6464
63
63
62
62
62
62
61
61
61
60
605F
5F
5F
5E
5E
5D
5D
5D
5D
5D
5D
5C5C
5C
61
5A
09
0A
08
0E
0A
06
04
0604
04
06
12
20
0E
07
06
04
05
06
0404
04
04
04
04
04
03
04
04
04
06
080A
0E
14
1B
28
1D
08
04
18
58
71
687F
43
26
0B
0C
0D
14
11
13
25
26
3A50
64
71
91
89
79
34
27
2E
3A
36
3B48
59
68
70
98
A1
A9
AA
AB
AD
AD
AD7D
03
93
AE
AE
AE
AE
AE
AE
AE
AE
AEAE
AE
AE
AD
AD
A8
48
05
06
19
94
ACAC
AC
AC
AB
AB
AB
AA
AA
AA
A9
A8
A8A8
A7
A7
A7
A6
A6
A5
A5
A4
A4
A4
A8A2
A2
A2
A1
A1
A1
A0
A0
9F
9E
9E
9E9E
9E
9D
9D
9C
9C
9B
9B
9B
9B
9B
9A9A
99
99
99
99
99
99
99
99
99
98
9898
97
97
97
97
96
97
96
96
96
96
9596
95
95
95
94
93
93
93
92
92
92
9291
90
91
90
8F
8F
8F
8E
8E
8D
8C
8C8C
8B
8B
8B
8A
8A
89
89
89
88
88
8787
86
86
85
85
84
84
84
83
83
82
8282
81
80
80
7F
7F
7E
7E
7E
7D
7E
7C7B
7A
BA
80
7A
79
79
79
79
78
77
7777
76
76
76
75
74
74
74
73
73
72
7271
71
71
70
70
6F
6F
6F
6F
6E
6E
6D6D
6C
6C
6B
6B
6B
6A
6A
6A
69
69
6868
67
67
67
66
66
65
65
65
65
64
6463
63
62
62
62
61
61
60
60
60
60
5F5F
5E
5E
5E
5E
5D
5D
5D
5D
5C
5C
5B14
14
10
16
1C
06
04
05
04
04
06
2308
0E
0C
06
06
05
04
03
03
05
04
0404
04
04
04
03
03
04
05
07
0A
12
0F10
0F
06
03
09
59
53
62
6B
5C
1F
0E16
10
1F
14
1D
2E
20
25
42
55
74
696A
8B
4C
16
1B
1B
1D
2E
3F
4A
66
6F81
97
9C
A5
AD
AF
AF
AE
4C
16
AC
B0B0
B0
B0
B0
B0
B0
B0
B0
B0
B0
B0
AFAC
5A
04
05
12
84
AE
AE
AE
AE
AD
ADAD
AD
AD
AC
AB
AC
AA
AA
AA
A9
A8
A8A8
A7
A7
A6
A6
A5
A5
A4
A4
A4
A3
A2A2
A2
A1
A1
A0
A0
9F
9F
9F
9E
9E
9D9D
9D
9C
9C
9B
9B
9B
9B
9A
9A
9A
9999
99
99
99
99
99
99
98
98
98
97
9797
97
97
97
96
96
96
96
96
95
95
9595
94
94
94
93
93
92
92
92
91
91
9191
90
8F
8F
8E
8E
8D
8D
8D
8C
8C
8B8B
8B
8A
8A
8A
89
88
88
88
87
87
8686
86
86
85
84
84
84
83
82
82
81
8181
80
80
7F
7F
7E
7E
7E
7D
7C
7B
7B7C
7B
7B
7A
79
79
79
78
77
77
77
7776
76
75
75
74
74
74
73
73
72
72
7271
71
70
70
70
70
6F
6E
6E
6D
6D
6C6C
6C
6B
6B
6B
6A
6A
69
69
68
68
6767
67
67
66
66
65
65
65
64
64
63
6363
62
62
62
60
61
60
60
5F
5F
5F
5F5E
5E
5E
5E
5D
5D
5D
5C
08
0D
16
100D
0D
05
05
03
05
0A
27
0A
0B
0C
0A08
05
04
04
04
07
03
03
04
05
04
0403
04
03
04
0B
05
0D
1B
0D
10
08
0303
18
2A
44
4F
39
29
10
21
23
10
110D
18
1A
25
2E
46
43
4D
5B
61
66
221A
16
18
20
2B
46
4A
60
7F
9B
A4
AAAF
B1
B1
A3
04
60
B2
B2
B2
B2
B2
B2B2
B2
B2
B2
B2
B2
B2
B0
6B
06
05
0D72
AF
B1
B1
B1
B0
B0
AF
AF
AE
AD
ADAD
AC
AC
AB
AC
AB
AB
AA
AA
A9
A7
A7A7
A7
A6
A5
A5
A5
A4
A4
A3
A3
A2
A2A2
A1
A0
A0
9F
9F
9E
9E
9E
9E
9D
9C9C
9C
9B
9B
9B
9A
9A
9A
9A
9A
99
9999
99
99
98
99
98
98
98
97
97
97
9797
97
96
97
96
95
95
96
96
95
95
9594
94
93
93
93
92
92
92
91
90
90
8F90
8F
8F
8E
8E
8D
8D
8C
8C
8C
8B
8A8A
8A
8A
89
89
89
8A
88
88
87
86
8685
85
84
84
83
83
83
82
82
81
81
8080
80
7F
7F
7E
7E
7D
7D
7C
7C
7C
7B7B
7A
79
79
78
79
78
77
77
77
76
7676
75
75
75
74
74
73
73
72
72
72
7170
70
70
6F
6F
6E
6E
6E
6E
6D
6D
6C6C
6B
6B
6B
6A
69
69
69
68
68
67
6767
66
66
66
65
64
64
64
63
63
63
6262
61
61
61
60
60
60
5F
5F
5F
5F
5E5E
5D
5E
5E
19
10
0B
0E
08
07
06
0504
05
14
21
09
0B
0D
0B
0C
08
04
0403
04
04
03
03
03
03
04
03
04
03
040A
08
06
09
0B
0C
0B
07
09
11
13
1314
2B
2A
0D
0D
0D
13
0F
15
14
19
2D2D
3D
44
4B
53
3C
53
33
21
14
15
162D
3A
46
58
7A
78
9C
A3
AE
B2
AE
7704
8B
B4
B4
B4
B3
B3
B4
B4
B4
B4
B4B4
B4
B3
73
06
05
0A
62
AF
B3
B3
B2B2
B2
B2
B2
B1
B0
B0
B0
AE
AE
AD
ADAD
AD
AC
AB
AC
AA
AA
A9
A9
A8
A7
A7A6
A6
A6
A5
A5
A4
A3
A3
A2
A2
A1
A1A0
A0
9F
9F
9E
9E
9D
9D
9D
9D
9C
9C9B
9B
9B
9A
9A
9A
99
99
99
99
99
9898
98
98
98
97
97
97
97
97
97
96
9696
96
96
96
95
95
95
95
95
94
94
9493
93
93
92
92
92
91
91
90
8F
8F
8F8F
8E
8E
8D
8D
8C
8C
8C
8B
8B
8B
8B8A
8A
89
89
89
88
87
87
87
86
85
8585
84
83
83
82
82
82
81
81
81
80
807F
7F
7E
7E
7D
7D
7C
7C
7C
7B
7B
7A7A
79
79
79
78
78
77
77
77
76
76
7575
75
74
74
73
73
73
72
72
71
70
7070
6F
6F
6F
6E
6E
6E
6D
6C
6C
6C
6B6B
6B
6A
6A
69
69
68
68
68
67
67
6665
65
65
64
64
64
63
63
62
62
62
6161
61
60
60
60
60
5F
5F
5F
5E
5E
5D07
06
1A
08
09
08
05
05
05
06
22
070D
0A
0C
0C
0A
08
06
05
03
03
04
0303
03
03
04
04
04
03
04
08
05
04
0606
08
0E
0E
0D
11
15
10
0E
0F
2C
1017
0C
16
13
12
10
12
1B
26
2D
3D
3F40
2D
2C
28
17
13
0F
17
20
2D
41
364E
86
77
86
9C
AA
9E
2A
15
A9
B5
B5B6
B5
B6
B6
B6
B6
B6
B6
B6
B5
75
0706
09
50
AF
B5
B6
B5
B5
B5
B4
B4
B3B3
B3
B2
B2
B1
B0
B0
AF
AE
AE
AD
ADAD
AC
AC
AB
AB
AA
A9
A8
A8
A7
A6
A6A6
A5
A5
A4
A4
A3
A2
A2
A1
A1
A1
A0A0
9F
9E
9E
9E
9D
9D
9C
9C
9C
9B
9B9A
9B
9A
9A
99
99
99
99
99
99
99
9898
98
98
97
97
97
97
97
96
96
96
9695
96
95
95
95
95
95
94
94
94
93
9292
92
92
91
91
91
90
90
8F
8F
8E
8E8E
8D
8D
8D
8C
8C
8B
8B
8B
8B
8A
8989
89
88
87
87
86
86
86
85
85
85
8383
83
83
82
82
81
81
80
80
80
7F
7F7E
7E
7E
7E
7C
7C
7C
7B
7B
7A
7A
7A79
79
79
78
77
77
77
77
76
75
75
7574
74
73
73
73
72
72
71
71
70
70
6F6F
6F
6E
6E
6D
6D
6C
6B
6C
6B
6A
6A6A
69
69
68
68
67
67
66
66
66
65
6565
65
64
63
63
63
62
62
61
61
61
6060
60
5F
5F
5F
5F
5E
5E
07
07
04
1605
06
05
04
04
09
25
03
07
0A
0C
0B0B
0B
09
07
06
03
03
03
03
03
04
0304
04
04
04
06
07
06
07
07
07
08
130D
10
11
14
11
12
0F
0B
0D
0B
17
1115
0D
12
11
1A
26
31
36
27
1E
1A
211A
1E
11
17
17
23
24
47
61
67
47
8494
84
7C
04
60
A4
B2
B1
AC
B4
B8
B8B8
B8
B8
B7
B6
75
06
05
08
4A
AE
B8B8
B8
B8
B7
B7
B7
B6
B5
B5
B4
B4
B3B2
B3
B2
B2
B1
B0
B0
AF
AE
AE
AD
ACAC
AB
AB
AA
AA
A9
A8
A7
A7
A6
A6
A5A5
A4
A4
A3
A3
A2
A1
A1
A1
A0
A0
9F9E
9F
9E
9D
9D
9C
9C
9C
9B
9B
9B
9A9A
9A
9A
99
99
99
99
99
98
98
98
9898
97
97
97
97
97
97
96
96
95
95
9696
95
95
95
94
94
93
93
93
93
92
9291
91
91
91
90
90
8F
8F
8F
8E
8D
8D8D
8D
8C
8C
8B
8B
8B
8A
8A
89
89
8988
88
87
87
86
85
85
85
84
84
83
8383
83
82
81
81
81
81
80
7F
7F
7E
7E7D
7D
7D
7C
7C
7B
7B
7B
7A
7A
79
7978
78
78
78
77
77
76
76
75
75
74
7473
73
73
72
71
71
71
70
6F
6F
6E
6E6E
6E
6D
6D
6C
6B
6B
6B
6A
6A
69
6968
68
68
67
66
66
66
66
66
64
65
6464
63
63
62
62
62
61
61
60
60
60
6060
5F
5F
5E
07
12
03
03
04
05
05
0606
10
20
03
02
05
07
06
06
06
08
0806
04
04
04
03
03
04
04
04
04
05
0505
05
06
06
07
0D
0A
0F
14
12
11
0E0D
0B
0A
0D
09
08
0C
09
0B
0F
0D
0F0F
24
1E
16
17
12
1E
35
24
26
0D
080E
16
1A
28
30
2D
4B
85
6A
4A
1C
0538
6E
90
8B
A4
B3
B9
B4
B9
B9
BA
B876
06
05
08
41
AD
BB
BC
BB
BA
BA
BABA
B9
B8
B8
B7
B7
B7
B5
B5
B4
B4
B3B2
B2
B1
B1
B0
B0
AF
AE
AE
AD
AC
ACAB
AA
AA
A9
A8
A7
A7
A6
A6
A5
A5
A4A4
A3
A2
A2
A2
A1
A0
A0
A0
9F
9F
9E9E
9D
9D
9C
9C
9C
9B
9B
9B
9A
9A
9A9A
99
99
99
98
98
98
98
98
97
97
9797
97
97
96
96
96
96
96
96
95
95
9595
95
94
94
93
93
93
92
92
92
91
9191
91
90
90
8F
8F
8E
8E
8D
8E
8D
8C8C
8B
8B
8B
8B
8A
89
89
89
89
88
8787
86
86
85
85
84
84
83
83
83
83
8282
82
81
81
80
80
80
7F
7E
7E
7E
7D7D
7D
7C
7C
7B
7B
7A
7A
79
79
79
7878
77
77
76
76
76
75
75
75
74
73
7372
72
72
71
71
70
6F
6E
6E
6E
6E
6D6D
6C
6C
6B
6B
6A
69
69
68
68
68
6767
67
66
66
65
65
65
64
64
63
63
6262
62
62
61
61
60
61
60
5F
5F
5F
5F06
08
0A
02
04
05
05
05
06
20
04
0202
02
05
06
03
04
04
04
0A
04
04
0404
04
04
04
04
04
05
09
08
08
06
0509
0E
10
0B
11
11
10
0A
0D
0B
0B
0905
05
03
07
07
05
05
07
16
13
16
1415
1A
1E
12
19
0A
06
08
0A
0C
13
1327
35
49
3C
32
3D
05
0C
18
1F
31
7891
A2
AD
B6
BA
BB
B6
68
07
05
08
3DAB
BC
BD
BD
BD
BD
BC
BC
BB
BB
BB
BABA
B9
B8
B8
B7
B7
B5
B6
B5
B4
B4
B2B2
B1
B1
B0
B0
AE
AD
AD
AD
AC
AB
ABAA
A9
A9
A8
A7
A6
A6
A5
A5
A4
A3
A3A2
A2
A1
A1
A0
A0
9F
9F
9F
9E
9D
9D9D
9C
9B
9B
9B
9B
9B
9A
9A
9A
99
9999
98
98
98
98
98
98
97
97
97
97
9796
96
96
96
96
95
95
95
95
95
94
9494
94
93
93
93
92
92
92
91
90
90
9090
8F
8E
8E
8E
8E
8D
8D
8D
8C
8C
8C8B
8A
8A
8A
8A
89
88
88
88
88
87
8686
85
85
84
84
84
83
83
83
82
82
8181
80
80
80
7F
7F
7E
7E
7E
7D
7C
7C7C
7B
7B
7B
7A
7A
79
79
78
78
77
7777
76
76
76
75
74
74
74
73
72
72
7171
71
70
6F
6F
6F
6E
6D
6D
6D
6C
6963
67
67
68
68
67
67
67
66
66
66
6566
65
64
64
64
63
63
63
62
62
62
6161
61
60
60
60
60
60
5F
08
04
07
0306
05
06
03
09
1F
02
02
02
02
02
0202
02
02
03
04
03
03
03
03
03
04
0505
04
05
08
07
08
09
08
0C
0C
16
1311
0E
0E
0F
0A
0F
09
06
05
05
06
0405
05
07
13
16
0F
0C
0B
0C
11
10
170F
09
0F
13
07
08
0D
14
21
21
1B
465B
1D
05
24
19
39
21
49
61
9B
A3
AFBC
B5
5E
05
06
08
38
AB
CC
C0
BF
BFBF
BE
BF
BE
BD
BD
BC
BC
BB
BB
BA
BAB9
B8
B8
B7
B7
B6
B5
B4
B4
B4
B3
B2B1
B1
B0
AF
AE
AE
AD
AC
AB
AA
AB
A9A8
A7
A7
A6
A6
A5
A4
A4
A3
A3
A2
A1A1
A1
A0
A0
9F
9F
9E
9E
9D
9D
9C
9C9B
9B
9B
9B
9A
9A
9A
99
99
99
99
9898
98
98
98
97
97
97
97
97
96
96
9696
96
95
95
95
95
94
94
94
94
94
9493
93
92
92
91
91
91
90
90
8F
8F
8F8E
8E
8E
8E
8E
8D
8C
8C
8C
8A
8A
8A8A
89
89
89
88
88
88
88
87
86
86
8686
84
84
83
83
83
82
82
81
81
81
8080
7F
7F
7F
7E
7E
7E
7D
7C
7C
7C
7C7A
7A
7A
7A
79
79
78
78
77
77
77
7676
75
74
74
74
73
73
72
71
71
70
7070
6F
6B
64
5C
59
54
49
48
49
4A
4C4B
4B
4E
52
55
5C
5F
61
61
5E
50
495C
63
63
63
62
61
62
61
61
61
60
6060
60
5F
5F
07
0B
06
04
05
05
03
0510
1A
02
02
02
02
02
02
02
02
03
0204
03
04
03
03
04
04
04
04
05
04
0306
09
0E
0F
0E
15
11
13
12
0F
0E
0F14
0C
0E
08
08
05
04
04
04
04
04
090B
10
19
08
08
08
0D
0D
0A
0B
0B
0D10
05
08
0B
21
1C
3B
60
48
05
0E
2723
27
20
34
59
4F
7D
A3
99
4C
05
0508
3C
AE
C0
CF
C2
C1
C1
C1
C1
C1
C0C0
BF
BF
BE
BD
BD
BC
BC
BB
BA
BA
B9B8
B8
B7
B6
B6
B5
B4
B3
B3
B2
B2
B1B0
AF
AE
AE
AD
AC
AC
AA
A9
A8
A8
A7A6
A6
A5
A5
A4
A4
A3
A3
A2
A1
A1
A0A0
9F
9F
9E
9E
9D
9C
9C
9C
9C
9B
9B9B
9A
9A
9A
99
99
98
98
98
98
98
9898
98
97
97
97
96
96
96
96
95
95
9595
95
95
94
94
94
94
93
93
93
92
9292
92
91
91
90
90
8F
90
8F
8F
8F
8E8E
8E
86
78
88
8C
8B
8B
8B
85
6D
6C86
88
83
6D
7C
86
84
7F
85
86
85
8483
83
83
82
82
82
81
81
81
80
80
7F7E
7E
7F
7D
7C
7C
7C
7C
7C
7A
7A
7979
79
78
78
77
77
77
77
76
75
75
7574
73
72
72
72
71
70
70
70
6E
63
564E
49
45
44
42
41
40
3F
3F
3F
3F
3F3F
3F
3E
40
41
41
43
4C
53
57
5B
5D60
60
61
60
60
60
60
5F
5F
5F
5F
5E0A
0B
07
07
04
05
07
06
1F
05
03
0202
02
02
02
02
02
02
02
02
04
03
0304
05
03
04
05
04
02
06
05
06
05
0609
10
19
13
0D
0C
0C
0D
15
17
15
130C
05
08
05
06
07
07
08
09
0A
0D
0806
07
0B
0C
09
0A
09
05
05
05
1B
130A
0D
21
70
20
08
28
28
1D
29
1B
2431
3D
3C
41
18
05
05
09
45
AF
C3
C4C4
C3
C3
C3
C3
C3
C2
C2
C2
C1
C1
C1C0
BF
BE
BD
BC
BC
BC
BB
BA
BA
B8
B8B7
B6
B5
B5
B4
B3
B2
B2
B1
B0
AF
AFAD
AC
AB
AB
AA
A9
A8
A8
A7
A6
A6
A5A5
A4
A4
A3
A2
A1
A1
A1
A0
A0
9F
9F9E
9E
9D
9C
9C
9B
9B
9B
9B
9B
9A
9A99
99
99
99
99
99
98
97
97
97
97
9797
96
96
96
96
96
95
95
95
95
95
9494
94
94
94
93
93
93
92
92
91
91
9191
90
90
90
8F
89
8F
8F
8D
7F
6B
657C
71
5B
69
70
57
48
48
49
57
49
4747
51
4B
48
74
79
84
84
84
84
83
8182
81
81
81
80
80
80
7F
7F
7F
7E
7D7D
7C
7C
7C
7B
7B
7A
7A
7A
79
78
7878
77
77
76
75
75
75
74
74
73
73
7272
71
71
70
6F
6E
6E
6B
65
5D
57
4F48
42
40
3F
3E
3D
3C
3C
3C
3C
3C
3C3C
3C
3C
3C
3C
3D
3E
40
40
4A
58
5F5F
5F
5E
5E
5E
5E
5D
52
14
0A
06
0403
05
06
0A
1C
03
04
02
02
02
02
0203
02
02
02
03
03
03
03
03
03
03
0404
04
0B
07
08
07
05
05
07
09
18
140F
0A
10
12
0E
0D
07
0A
0B
06
06
070A
0B
08
09
07
07
09
08
08
05
08
0909
08
07
10
06
07
09
0D
16
1B
22
1C0E
20
42
30
26
41
24
31
40
33
2A
0A06
06
09
46
AA
C4
C5
C5
C5
C5
C5
C5C5
C4
C4
C4
C3
C3
C2
C2
C1
C1
C0
BFBF
BD
BD
BC
BB
BB
BA
B9
B8
B7
B6
B5B5
B4
B3
B2
B1
B0
AF
AF
AD
AC
AC
ABAA
A8
A7
A8
A8
A7
A6
A5
A4
A4
A4
A3A2
A2
A1
A1
A0
A0
9F
9F
9E
9D
9D
9D9C
9C
9B
9B
9A
9A
9A
9A
99
98
99
9999
98
98
98
97
97
97
97
96
96
96
9796
95
95
95
95
95
94
94
93
93
93
9393
93
93
93
93
93
92
91
90
91
91
8C5F
54
69
77
6E
4D
4A
4A
55
48
46
4544
44
44
43
44
43
43
43
43
42
43
434D
5E
50
5F
5A
68
81
82
82
81
81
8180
7F
7F
7F
7E
7E
7D
7D
7C
7C
7C
7B7B
7A
79
77
75
75
75
76
76
76
76
7675
74
74
73
73
73
72
71
71
70
70
6E6E
6D
6B
6A
68
66
61
5E
59
52
47
413E
3D
3D
3C
3C
3C
3B
3B
3B
3B
3B
3B3B
3B
3B
3B
3B
41
54
5B
5C
5C
5C
5D5B
4A
41
3A
0A
0B
07
03
05
03
04
160D
02
02
02
02
02
02
02
03
03
03
0202
03
03
03
03
03
04
03
04
04
05
0A09
08
0B
06
03
0E
1A
1F
14
16
14
1016
11
10
0F
06
05
0D
0E
06
08
0B
0A09
09
08
07
0A
0B
08
06
06
08
05
0403
04
05
0D
13
1E
24
17
1B
3F
41
4D51
57
41
3A
45
22
06
05
05
09
46
A1BB
C7
C7
C6
C6
C7
C7
C7
C6
C6
C5
C6C5
C4
C4
C3
C2
C2
C1
C0
C0
BF
BF
BDBD
BC
BB
BA
B9
B8
B7
B6
B5
B4
B2
B1B0
B0
AE
AD
AD
A9
9C
8D
84
6D
71
7E9A
A4
9F
A5
A4
A4
A3
A3
A2
A2
A1
A1A0
A0
9F
9E
93
8A
88
85
8A
9B
9B
9A9A
9A
9A
99
98
99
99
99
98
98
95
9497
96
96
96
96
95
96
95
94
8D
8A
8E94
94
94
94
94
93
94
93
93
93
93
9292
91
87
70
59
73
8C
8B
6E
4F
4A
4947
47
47
46
45
44
43
43
42
42
42
4242
42
41
41
41
41
41
41
42
45
43
4344
45
59
78
7E
80
80
80
7F
7F
7F
7E7E
7D
7D
7D
7B
7B
7B
7A
79
79
78
7675
74
75
74
75
75
74
73
73
72
71
7171
70
6F
6F
6F
6E
6D
6C
6B
6B
6A
6968
67
64
60
57
4B
40
3E
3D
3C
3C
3C3B
3B
3B
3B
3A
3B
3A
39
39
39
39
393A
3A
3E
4A
54
59
5A
55
40
3A
3A
3906
07
04
04
04
04
08
1B
04
02
03
0202
02
03
02
03
02
02
04
03
04
03
0303
03
03
03
03
04
04
04
08
09
0B
0409
17
1D
0A
22
1A
18
12
12
15
16
1004
06
0A
0C
08
09
09
0B
09
07
09
0909
0A
0A
06
06
06
06
05
05
06
09
0C12
19
22
2B
2E
2F
4D
5F
5F
68
50
521D
06
06
05
0B
29
84
A7
B5
C0
C6
C8C8
C8
C8
C8
C8
C7
C7
C7
C6
C5
C5
C4C4
C3
C2
C2
C1
BF
BF
BF
BE
BD
BC
BBB9
B8
B6
B5
B4
A8
98
79
70
86
97
927E
7B
7C
6F
65
63
61
62
61
65
64
8095
A0
8E
80
89
92
8D
97
9F
9F
96
806C
6B
73
78
7A
90
91
8E
92
93
92
9695
96
96
8C
7E
69
55
5C
7C
94
95
9594
8F
86
7F
7D
77
7A
71
65
6B
69
868B
91
92
93
92
93
92
84
6A
55
4D
4B4A
4B
59
6F
5B
5D
61
53
48
46
46
4444
43
42
42
42
41
42
40
40
40
40
4142
43
43
42
43
43
44
44
46
4D
53
5B64
75
73
5B
4F
54
61
6C
75
76
7A
7879
79
79
79
77
77
77
76
76
75
74
7473
72
72
71
70
6F
6E
6D
6D
6C
6B
6866
69
6A
69
69
68
67
65
5E
57
52
4843
42
42
44
44
3E
3C
3B
3B
3B
3A
3939
3A
3A
39
39
39
39
39
39
39
39
3A3A
44
4F
48
47
3A
39
39
05
05
05
0303
04
0E
16
02
02
02
02
02
03
03
0202
02
03
04
03
03
04
03
03
03
03
0403
04
05
05
03
05
04
02
03
04
11
181D
12
1E
14
14
10
0E
09
07
07
05
0606
09
09
0B
08
0A
0D
10
10
0E
0F
0905
05
05
05
08
0C
0F
11
0F
11
19
181F
41
53
58
55
63
58
18
06
06
05
0D1F
3B
4C
6D
A4
B3
BA
C9
CA
C9
CA
CACA
C9
C9
C7
C7
C6
C6
C5
C5
C4
C3
C2C2
C0
BF
BF
BE
BD
BB
BA
B9
B4
AD
9A8D
74
6F
74
6D
6B
6C
80
86
84
73
6968
67
65
6E
68
63
6F
6A
67
6B
66
6A78
74
7E
8D
9C
94
7A
67
64
62
69
6B68
78
70
8B
8A
85
86
86
81
6D
5C
5957
55
54
55
55
75
7A
75
70
64
5C
5655
53
52
51
52
52
64
7A
6E
6E
6A
7267
83
70
51
4B
49
48
47
47
47
4A
4A49
4F
5A
4F
46
45
44
44
43
42
42
4242
41
41
41
42
45
46
4B
62
72
6B
6D63
68
6D
71
76
78
79
78
70
76
77
7674
6D
67
65
69
73
75
73
70
75
76
7574
71
6C
69
67
6A
65
6C
6B
67
63
5D5E
6A
6B
68
62
5A
4A
40
3E
41
4C
5359
60
5F
5E
5A
58
57
56
4D
44
3B
3E3E
3C
3B
3A
3A
39
39
39
39
39
38
3939
39
39
39
39
39
39
39
38
38
3D
4746
40
39
38
04
05
04
04
07
07
1B
0602
02
02
03
03
03
03
03
03
03
03
0304
03
04
04
04
03
04
05
05
04
04
0603
03
03
03
02
03
03
0F
11
0A
17
1A08
12
07
05
04
04
06
07
09
0A
0B
0B0B
0B
0B
0D
0D
0D
10
11
08
04
05
0509
07
0D
10
1A
18
16
1C
28
39
49
4D4B
3D
08
06
05
06
10
2E
2F
33
41
5572
A2
BF
C8
CA
CA
CA
C9
CA
CA
C9
C7C7
C7
C6
C5
C3
C3
C2
C1
C0
BF
BE
BDBC
BB
BA
B8
B7
B5
B3
B1
AF
AA
A8
A8A7
A5
A0
9C
99
90
8B
83
84
86
80
8580
88
9B
9C
8D
8F
96
9A
9D
9D
9C
998F
7F
6F
64
61
65
64
60
62
64
67
6F71
79
7A
74
74
83
7D
70
69
6B
67
6668
6C
77
7E
89
89
7E
7B
70
74
71
6F6A
61
54
52
5C
62
4F
4E
4D
4C
4B
4A49
48
47
46
45
45
44
45
45
44
44
4443
42
42
41
41
41
41
41
41
41
42
4351
6B
77
73
75
7D
7D
7E
7E
7D
7C
7C7B
7B
7B
7A
7A
79
79
79
79
79
77
7676
76
75
74
74
73
72
72
71
6C
61
544F
49
48
4F
4F
52
54
53
59
61
66
605D
5B
56
4D
42
40
40
40
4B
55
57
5658
58
58
58
58
4B
3C
3A
3A
38
39
3838
38
38
38
38
38
38
38
38
38
38
3838
38
38
38
38
38
38
38
38
38
39
3905
04
03
04
05
0A
19
04
04
03
03
0303
03
03
04
03
03
03
03
04
04
05
0504
05
07
05
04
05
03
04
03
04
03
0202
02
02
03
04
08
12
12
0A
04
04
0403
05
06
07
08
0A
07
0A
0B
0A
0B
0D0D
0C
0C
0C
0C
08
05
05
09
09
0B
0C15
19
18
16
26
1F
3E
46
22
07
06
0507
14
37
58
7A
7A
83
A1
AE
AD
C6
CBCA
CA
CA
C9
C9
C8
C8
C7
C6
C5
C4
C2C1
C0
BE
BD
BC
BB
B9
B9
B8
B6
B6
B5B3
B2
B1
AF
AC
AC
A9
A0
9E
A3
A6
A6A5
A4
A3
A0
9F
A1
A0
A0
9F
9F
A0
A09F
9E
9E
9E
9D
9D
9C
9C
9B
9A
98
9797
96
96
95
95
95
95
95
95
94
95
9493
94
94
93
92
92
91
90
90
91
91
9191
91
8C
89
89
8D
8C
88
83
7E
79
7A7D
68
59
5B
67
56
4A
49
47
45
45
4544
44
43
43
43
43
46
4C
59
5B
4D
4548
4D
4D
4A
52
5E
59
68
72
79
7E
7E7E
7E
7D
7C
7C
7C
7B
7A
79
79
78
7878
77
77
76
75
74
74
73
73
72
71
7170
6F
6F
6E
6D
6C
6B
6A
69
67
66
6564
64
64
63
63
63
62
61
60
5E
5A
494B
55
57
55
57
5A
5B
5B
5C
5B
59
493E
3C
39
39
38
38
38
38
37
38
37
3737
37
38
38
38
38
38
38
38
38
38
3838
38
38
38
38
38
38
38
05
04
03
0306
14
0D
04
03
04
03
03
03
04
03
0302
04
04
03
03
04
04
04
04
04
05
0406
04
04
03
03
04
03
03
03
03
02
0303
03
03
03
04
04
03
04
03
06
07
0606
06
06
08
09
0C
0B
0C
0E
0D
0C
0A09
0C
0B
0A
08
07
0D
0D
0D
13
17
1118
26
1A
11
07
05
05
0A
1D
5D
50
485A
9F
AB
AC
BE
BF
C4
C9
C8
C8
C7
C7C6
C5
C4
C3
C2
C1
BF
B5
A9
A4
9F
9995
8D
7E
78
78
73
87
87
7E
7B
7A
817F
7F
83
7E
8A
92
95
95
7F
6A
6E
676E
93
9E
9D
92
94
9E
9E
9E
9E
9D
9C9C
9B
9B
9A
9A
99
98
98
97
97
96
9696
95
95
95
95
94
94
93
93
92
92
9292
91
91
90
90
90
90
90
8F
8F
8F
8F8E
8E
8E
8D
8D
8C
8C
8B
8B
89
7E
797C
7B
73
6E
5D
4B
46
45
44
44
43
4449
56
5A
5E
68
75
7A
71
72
79
7A
7B7C
7C
7C
7C
7C
7B
7A
79
79
78
77
7676
75
74
73
73
72
71
71
71
70
6F
6E6D
6D
6C
6C
6C
6B
6A
6A
69
69
69
6867
64
65
65
65
64
63
62
62
60
60
5F5F
5D
4D
57
57
48
3C
39
39
3D
40
473A
3A
42
4F
55
55
55
52
43
39
38
3838
38
38
37
37
37
37
37
37
37
38
3838
38
38
38
38
38
37
37
37
37
37
3737
37
38
38
05
05
04
06
08
15
05
0504
03
03
04
04
04
04
06
04
04
04
0404
03
03
05
07
03
04
04
05
07
06
0504
04
04
04
03
03
03
03
02
03
03
0302
03
03
03
04
05
04
04
07
07
09
0807
0A
0A
0B
0D
0E
0C
0C
0A
0B
0C
0E0C
0A
0A
0E
0D
0E
11
12
12
0D
09
0605
05
0B
30
5C
75
64
53
5A
78
AF
B3C4
C5
C2
C5
C1
C2
C1
BF
BF
BC
BB
BABA
B8
A9
94
97
92
92
95
95
96
96
867B
7E
78
7B
74
71
6F
77
78
81
8F
8D85
72
74
69
67
65
63
63
64
6D
93
9B95
8F
95
9B
9A
9A
9A
99
98
98
98
9797
97
96
95
95
94
94
93
93
93
93
9291
92
91
90
90
90
8F
8F
8F
8F
8F
8F8E
8E
8E
8E
8D
8C
8A
6E
83
87
8B
8B8A
8A
89
88
88
87
86
86
85
7E
7A
6D4E
48
44
43
43
43
43
4A
69
7B
7C
7C7C
7C
7C
7B
7B
7A
79
78
77
77
76
7472
72
71
70
6F
6F
6E
6D
6D
6C
6C
6B6A
6A
69
69
67
67
66
67
65
65
65
6564
64
63
63
62
62
5A
57
4A
43
43
3955
51
53
54
5A
59
59
59
59
48
39
3939
39
38
38
38
38
37
38
37
37
37
3839
43
4A
4C
4C
3D
38
38
38
38
38
3737
37
37
37
38
38
38
38
38
38
37
3737
37
37
37
37
38
38
38
38
38
38
3805
06
07
05
12
10
07
06
05
05
04
0404
06
08
08
05
05
04
04
04
04
04
0605
04
04
04
05
05
06
07
0A
09
06
0404
04
03
03
04
03
03
03
04
03
02
0404
04
05
04
08
07
07
08
09
08
06
0606
0A
0B
0C
0D
0F
0F
0D
0D
0D
0C
0C0E
0C
0B
0E
0A
07
05
05
06
0C
27
5770
7D
62
4C
47
7E
91
A7
A8
B2
AE
ADB1
AC
AC
AF
AF
A7
9F
A4
B0
A5
8A
8283
9F
A9
AA
AB
AB
AB
AA
A8
A7
A5
A4A3
A2
A1
A0
9F
9F
A0
9F
9E
9C
9B
9996
93
95
95
95
96
98
98
98
96
96
9696
96
95
94
90
91
90
8B
84
7D
7B
788D
8F
8E
8D
8B
89
7D
71
64
77
74
7B82
7E
7E
7B
83
83
81
82
86
80
72
8678
5F
51
4C
4B
4F
6E
81
79
77
7B
8180
7F
7F
7E
76
4C
48
45
44
42
42
4041
40
41
49
75
75
72
75
74
73
72
7271
6F
6F
6D
6C
6B
6A
69
67
67
66
6565
64
63
63
62
61
60
60
60
60
60
5F5E
5D
5C
5C
5B
5B
5B
5B
5A
59
59
5853
4A
3B
3A
39
39
39
38
38
46
50
5148
4B
48
44
3E
39
38
38
38
37
38
3838
37
37
37
37
38
37
37
37
37
37
3738
38
38
38
38
38
37
37
38
38
38
3838
38
38
37
37
37
37
36
37
37
38
3838
38
38
38
38
38
38
38
03
04
04
0815
0A
06
06
07
06
07
06
04
05
06
0806
08
06
05
05
05
07
0A
06
04
05
0407
07
07
06
07
0C
09
07
05
04
04
0404
03
04
03
04
04
04
04
04
04
06
0607
07
0A
09
07
05
06
06
07
08
0A
0C0C
0C
0A
0A
0D
0D
0E
0E
12
10
0D
0906
05
05
06
0E
1B
22
4B
71
79
5C
3C28
53
88
8D
7D
88
8A
A3
B1
B6
B6
B5B4
B3
B3
B1
B1
B0
AF
AD
AC
AC
AB
ABAA
A9
A9
A8
A7
A7
A6
A4
A3
A2
A1
A09F
9E
9D
9C
9B
9A
99
98
96
92
89
898F
93
92
89
83
72
78
7E
8F
91
90
8F81
79
70
5F
5C
5B
5B
5C
5D
60
69
736E
6E
6D
67
70
7D
74
5A
53
50
4F
4E50
61
71
5C
55
53
4D
4B
4B
4A
49
4948
48
48
4F
47
47
4D
4F
5A
68
69
5447
44
42
41
40
40
3F
3E
3E
3E
3E
3F5C
6A
6A
69
69
68
67
66
65
64
64
6362
61
60
5F
5F
5E
5D
5C
5B
5B
5A
5958
57
57
56
56
56
55
54
54
53
53
5351
4B
43
3D
3B
39
3C
3C
38
38
38
3838
38
38
38
37
41
44
43
3C
40
39
3938
38
38
38
38
38
38
38
37
37
37
3737
38
38
38
38
38
38
37
38
37
37
3738
38
38
38
38
38
38
38
37
37
37
3736
37
37
37
38
38
38
38
38
38
38
3938
38
38
38
04
04
05
10
0D
05
08
080B
07
05
07
08
06
04
07
08
0A
08
0705
06
06
07
06
06
03
03
05
08
06
0404
04
06
04
05
04
04
04
04
06
06
0404
05
04
04
05
04
04
04
06
09
09
0908
07
07
09
04
05
06
08
0A
0A
0B
0B0B
0B
0C
0D
0B
09
07
04
04
04
08
0E15
13
1C
30
4A
70
67
3C
21
35
61
594F
58
8D
A7
AD
AF
B3
B1
B1
B0
AF
AEAE
AD
AC
AA
AA
A9
A8
A6
A5
A5
A4
A3A2
A1
A0
9F
9E
9D
9B
9A
99
98
98
9796
95
95
94
93
92
91
90
90
8F
8F
8E8E
8D
8C
8C
8C
8D
8D
8C
8B
8B
8A
8988
89
88
81
80
82
85
87
86
84
7D
7A7B
79
79
76
6B
64
61
5E
5F
64
5D
4F4B
4A
48
48
47
47
46
46
45
45
45
4444
43
43
42
42
42
41
41
40
3F
3F
3E3E
3D
3D
3C
3C
3C
3C
3C
3D
50
5C
5C5B
5B
5A
5A
59
58
57
55
55
54
53
5251
51
50
4F
4F
4E
4D
4D
4C
4B
4B
4A4A
49
49
48
47
48
47
47
44
40
3C
3A3A
39
39
3A
39
38
38
38
37
37
37
373A
3A
3A
39
38
36
37
37
37
37
37
3737
37
37
37
37
37
37
37
37
37
37
3737
37
37
37
37
37
37
37
38
38
38
3838
37
37
37
37
37
37
37
37
38
38
3838
38
38
38
38
38
38
38
38
38
38
3804
04
0A
14
0B
05
04
04
08
08
07
0504
07
06
05
09
08
07
05
05
06
07
0707
04
04
04
07
09
07
05
05
04
04
0404
07
04
05
05
06
07
05
04
04
05
0504
05
06
06
09
0A
0B
0C
0C
0A
09
0908
07
06
0A
08
09
0A
0C
0F
0D
0A
0907
04
04
07
05
09
14
18
1B
16
14
2339
4D
61
33
12
20
28
31
41
7F
A1
A8A8
AA
AB
A9
A8
A8
A7
A6
A5
A4
A3
A2A2
A0
9F
9E
9D
9B
9A
9A
99
97
97
9594
94
92
92
91
90
8F
8E
8E
8D
8D
8C8C
8B
8B
8B
8A
8A
8A
89
88
88
88
8887
87
88
87
85
85
83
83
85
7F
60
5352
56
72
73
62
71
6B
74
78
78
77
7674
71
6A
6B
6D
5C
49
48
47
46
46
4444
43
43
42
42
41
40
40
40
40
3F
3F3F
3E
3E
3D
3C
3C
3C
3B
3B
3B
3A
3A39
39
39
39
3A
3C
44
4A
4D
4C
4C
494B
4B
4B
4B
4B
4A
4A
49
49
49
48
4847
46
46
46
46
45
45
44
44
44
43
4343
43
42
42
41
40
40
3F
3F
3E
3D
3D3C
3B
39
38
36
37
36
36
36
37
36
3737
36
36
37
36
36
37
37
37
37
37
3737
37
37
37
37
36
37
37
37
37
37
3737
37
38
38
37
38
37
37
37
37
37
3737
38
38
38
38
38
38
38
38
38
38
3838
38
38
38
38
39
38
39
05
04
11
0D0D
0A
05
04
04
05
08
05
04
06
07
0306
06
06
04
04
04
05
06
06
04
04
0404
05
07
07
08
09
05
04
05
05
06
0606
05
06
07
05
04
04
04
05
05
04
0609
0A
0A
0B
09
08
09
09
08
08
09
0A0A
0A
0B
08
0C
0D
0B
09
08
07
05
070C
13
13
1A
19
16
14
1C
1E
30
43
351C
18
1A
2E
57
7D
89
97
9B
9C
9C
9B9A
99
98
98
98
97
96
95
94
93
91
9190
90
8F
8F
8E
8D
8B
8C
8A
85
8A
8989
88
83
86
88
87
87
87
87
87
87
7861
6F
77
73
84
85
84
85
84
6A
5D
5854
57
6A
70
71
55
50
4E
4D
4D
4D
4C4C
4C
4B
4D
56
64
65
52
57
54
55
5950
46
45
44
43
42
41
41
40
40
3F
3F3E
3E
3D
3D
3C
3C
3B
3B
3B
3B
3A
3A3A
39
39
38
38
38
38
38
37
37
37
3738
37
37
40
44
43
41
41
44
42
43
4545
44
43
42
41
40
3D
3B
39
39
3C
3C40
41
40
41
40
40
3F
3D
3C
3D
3D
533B
39
3A
39
39
3A
3B
3A
39
3A
3A
3938
38
38
38
37
37
37
37
37
36
37
3737
37
37
37
37
37
37
36
37
36
36
3637
37
37
37
37
37
37
37
36
37
37
3737
37
37
37
37
38
38
38
38
38
38
3838
38
37
38
38
38
38
38
38
38
38
3939
39
39
39
02
08
13
0B
0C
0C
0C
0A05
04
05
08
0E
10
0D
0A
05
06
05
0606
04
04
05
04
04
04
05
07
08
09
0908
09
06
05
05
06
08
06
06
06
07
0707
06
04
04
04
04
04
07
09
0A
09
090C
0B
0B
0A
0B
0B
0A
0E
0B
0C
0D
0C09
07
08
09
09
08
0A
0C
0F
11
15
1513
13
10
0E
18
2B
23
24
1C
0D
13
364B
5F
73
7B
75
82
8C
86
83
81
80
7A76
79
76
76
73
76
76
80
86
87
85
766B
78
87
84
73
66
67
6E
71
6E
66
6973
77
7D
84
82
7F
83
74
6A
67
66
6579
80
80
7F
78
5E
52
50
50
5F
66
594E
4D
4B
4A
49
48
48
47
47
47
46
4647
4D
4A
46
44
43
42
42
41
40
40
3F3F
3E
3D
3D
3C
3C
3B
3B
3B
3A
3A
3A39
39
39
38
38
38
38
38
37
36
36
3636
36
35
36
35
35
34
35
34
34
35
3636
34
34
34
34
34
34
35
35
35
34
3433
33
33
33
33
33
33
33
33
33
33
3334
35
34
34
34
34
34
44
34
34
34
3434
34
35
35
35
36
36
36
36
36
35
3535
36
36
36
36
36
36
36
36
36
36
3636
36
36
36
37
37
37
37
37
37
37
3737
36
36
36
36
36
37
37
37
37
37
3838
38
38
38
38
38
38
38
38
38
38
3838
38
38
38
38
38
39
39
39
39
39
3906
11
0F
0C
0E
0C
0C
0C
0E
09
03
0407
10
12
11
0E
0C
07
06
06
04
04
0405
05
07
08
09
08
0B
0A
0A
0A
07
0605
05
05
07
05
06
05
05
06
06
07
0504
05
06
09
0A
09
06
08
0D
09
0A
0A0B
0E
0E
0D
0C
07
0A
05
05
07
09
0A07
0C
0E
10
10
12
12
15
12
11
0F
0E08
0D
34
35
18
16
19
25
3E
56
66
696B
6C
6B
65
6A
7F
71
63
62
61
61
6060
61
74
7A
80
82
84
80
86
79
69
6961
5C
59
59
5A
69
6B
6F
6D
5C
69
6C59
57
5A
6A
65
6C
6C
6A
6B
6D
6C
6864
63
62
60
5C
5F
5F
5E
58
4F
4A
4A4A
4C
4E
4E
4D
4D
4C
4B
4B
4E
4F
4846
45
44
43
42
41
3F
3D
3D
3D
3C
3B3A
3B
3A
3A
39
39
38
38
38
37
37
3736
36
35
35
35
35
35
34
34
34
35
3534
33
33
33
33
33
32
32
32
33
32
3232
31
31
31
32
32
31
31
32
32
32
3131
31
31
31
31
32
32
33
33
33
33
3232
32
33
33
33
33
34
34
34
34
34
3435
35
35
35
35
35
35
35
36
36
36
3636
36
36
36
36
36
36
36
36
36
36
3636
36
36
36
37
37
37
37
37
37
37
3736
37
36
37
37
37
37
38
38
38
38
3838
38
39
39
39
39
39
39
39
39
38
3939
39
39
39
39
39
39
39
0E
10
0D
0C10
0E
0E
0C
0B
0C
08
06
04
0E
11
1111
10
0F
09
05
05
05
06
09
09
0A
090A
09
08
0A
08
06
06
07
06
08
06
0507
06
06
05
06
08
07
07
04
04
07
0806
06
07
07
06
08
0A
08
09
08
0B
0C09
09
05
04
05
07
0C
0C
0D
0D
0E
0D0D
10
0F
0A
09
08
0A
0D
0C
09
18
2D1E
21
23
27
3A
49
55
5C
6C
70
72
7977
62
5C
5B
5A
5A
59
59
59
59
59
5959
5C
5D
5A
5E
5D
59
59
58
58
58
5656
58
58
56
53
53
52
52
50
4F
4F
4F4E
4E
4D
4C
4C
4C
4E
4B
4B
4A
4A
4949
49
47
47
46
46
45
44
44
44
43
4343
43
42
41
40
41
40
40
3F
3F
3F
3E3E
3D
3C
3B
3B
3B
3B
3B
3B
3B
3B
3A3A
3A
38
37
36
36
35
35
35
34
34
3434
34
33
33
33
33
33
33
33
32
32
3232
32
32
31
31
32
32
32
32
32
31
3131
31
31
32
32
31
31
31
31
31
31
3131
31
32
32
32
33
33
33
33
33
33
3333
33
34
34
34
34
35
35
36
35
35
3535
35
35
35
35
35
35
35
35
36
36
3636
36
36
36
36
36
36
36
36
36
37
3737
37
37
37
37
37
38
37
37
38
38
3838
38
38
38
38
38
38
38
38
38
38
3938
39
39
39
39
39
39
39
39
3A
39
3939
39
39
39
09
09
0B
0B
09
0E
0F
0E0A
09
0B
0A
10
12
12
13
12
11
10
0F0B
09
06
05
06
09
0B
0B
10
0A
08
0A08
07
06
0A
06
07
09
07
07
06
06
0606
08
06
05
06
03
06
06
06
05
04
060B
0E
09
07
06
06
07
0A
0A
08
08
0709
0A
09
09
0C
0E
0A
0C
0B
07
06
0504
04
04
08
0B
07
0C
0F
1D
1C
28
2538
44
4A
50
58
58
57
55
54
54
54
5453
53
52
52
52
52
51
51
51
51
51
5050
4F
4F
4E
4F
4E
4D
4D
4D
4D
4C
4C4B
4B
4A
4A
4A
4A
49
49
49
48
48
4747
46
46
45
45
45
44
44
43
43
42
4242
41
40
3F
3F
3F
3F
3E
3E
3D
3D
3C3C
3B
3B
3B
3A
3A
3A
39
39
39
37
3737
37
36
36
35
35
34
34
34
33
33
3333
32
32
32
32
32
32
31
31
31
31
3131
31
31
31
31
31
31
31
31
31
31
3030
30
30
31
31
31
31
31
30
31
31
3131
30
30
30
30
30
31
30
30
30
31
3132
32
32
32
32
32
32
32
32
32
33
3333
33
33
34
34
34
34
35
35
35
35
3535
35
35
35
36
36
36
36
36
36
36
3636
36
36
36
36
37
37
37
37
37
38
3737
37
38
38
38
38
38
38
38
38
37
3738
38
38
38
38
38
38
39
38
39
39
3839
39
39
39
39
39
39
39
3A
39
39
3915
13
12
0E
0E
0D
10
11
11
10
0F
0F13
16
16
14
14
13
12
11
10
10
0D
0707
06
07
09
0A
0A
0C
0A
05
06
0B
0807
08
09
07
06
06
07
08
06
06
07
0607
04
04
07
08
0A
0B
0A
0E
09
09
0709
0A
0B
0B
06
06
07
07
09
06
09
0B08
0A
08
0A
08
05
05
04
04
06
06
0608
09
0A
0A
13
29
1E
2C
31
44
5E
5F61
5D
58
56
57
56
55
54
55
55
55
5557
56
57
58
5C
5C
5D
5E
5F
60
61
6160
60
60
60
60
5F
5F
5D
5C
5B
5A
5A5A
5A
58
58
57
56
53
53
52
4F
52
4F4F
4E
4C
4D
4B
49
49
47
45
45
43
4241
43
41
40
3F
3E
3C
3C
3C
3C
3C
3C3C
40
40
40
3E
3C
39
38
37
36
35
3636
36
35
36
35
35
33
32
33
32
32
3232
32
31
32
30
2F
2F
30
2F
2F
2F
3130
2E
2E
2D
2D
2E
2F
30
2E
30
33
3432
32
34
36
35
35
35
34
34
33
34
3232
31
32
32
32
32
31
2F
2F
31
31
302F
2F
30
30
30
31
32
31
32
33
33
312F
33
33
34
33
31
32
34
34
32
32
3132
31
31
30
30
31
32
34
34
34
34
3333
33
31
32
33
33
33
33
33
33
33
3334
34
33
34
33
33
33
33
33
33
33
3535
34
33
33
33
33
32
33
33
32
32
3234
34
32
32
32
32
33
32
18
19
19
1818
17
15
14
14
14
16
16
16
17
17
1717
16
15
14
13
12
11
0F
0B
07
04
0607
07
07
0B
07
08
0D
0A
09
08
06
0909
08
08
08
07
06
07
07
06
07
08
060D
0E
0D
0B
09
0A
06
07
08
0B
0B
0404
04
04
04
04
07
09
09
09
08
08
0806
05
04
04
05
05
05
05
05
08
0B
0808
19
30
2D
2B
55
7D
7D
7E
7D
74
736F
76
77
76
71
70
7C
7D
7A
80
84
868B
89
8D
8F
95
97
9A
98
9A
98
95
9595
94
91
8D
8A
8A
89
88
89
86
88
8784
80
77
78
78
73
70
70
6D
63
60
615E
5B
59
5D
5D
53
57
58
56
4E
4E
5255
52
4B
4F
4C
4C
49
49
48
48
47
4546
46
47
46
49
4F
4B
4A
4A
48
46
4B49
47
44
43
46
4B
45
42
49
45
3C
4440
37
37
39
3F
3B
39
3C
3D
3D
3F
3D3C
38
34
30
31
33
36
36
35
34
35
3234
36
35
34
37
34
32
32
32
2E
2E
3330
30
32
31
2F
30
34
34
32
2B
2C
2D2F
31
30
33
32
2D
2D
2D
31
32
30
2F2E
2D
2E
2C
2A
29
2A
2C
2D
2E
2F
2F2E
2B
29
2A
2E
2F
2D
2B
2D
2C
2C
2E2F
30
2B
2A
29
26
24
23
25
26
25
2423
21
22
23
25
26
23
22
21
22
23
2221
21
23
25
25
28
26
23
23
24
23
2424
25
26
24
1B
1B
1B
1B
1B
1A
1A
1A1A
19
19
18
18
18
17
17
18
18
18
1717
16
15
14
12
0F
0E
0A
08
08
0E
0C0B
0A
06
06
07
05
0A
0F
10
0F
0B
0C0C
07
05
05
07
09
0C
09
09
05
05
0404
05
04
06
07
04
04
03
04
04
03
0407
0A
0A
09
04
04
05
04
05
04
05
0504
04
04
04
07
05
06
07
08
08
22
302F
3E
80
7F
80
71
71
75
75
7B
7A
6F76
79
79
7E
7F
72
76
7A
82
84
88
8F9A
9B
98
97
9B
9B
98
94
95
90
8B
8987
8B
8F
90
8F
8B
87
84
82
82
80
7C7B
76
73
72
6E
6C
6C
6B
69
66
63
5D61
63
61
60
5B
57
4E
4F
58
5B
5A
564F
4D
4A
47
49
4A
44
40
3E
3A
3A
3E46
4C
52
53
52
50
50
52
51
4D
4A
4A48
4B
4A
49
49
49
4B
4A
49
45
3D
363C
43
41
3B
39
3F
3F
41
44
41
3C
3835
31
2E
2E
2D
2C
33
38
34
30
2F
383A
3E
3C
3D
3B
3A
38
37
37
34
31
3131
32
31
31
32
33
32
32
30
30
30
3032
2D
2E
2F
31
31
31
31
33
34
33
3231
30
30
2E
2B
2A
29
28
2B
2C
2C
3034
33
2F
2A
27
28
25
28
28
27
28
2829
22
23
27
2A
2A
29
2A
2A
29
29
2827
28
2A
2C
2B
2B
2A
29
29
28
26
2424
26
26
25
24
25
25
24
22
22
22
231D
1D
1D
1D
1D
1C
1C
1C
1C
1B
1B
1A1A
1A
19
19
18
17
17
17
18
18
18
1817
16
15
14
11
0E
09
07
0A
08
08
0405
06
0D
0C
0E
0D
09
0C
0D
0C
09
060A
08
06
07
04
03
03
04
05
05
04
060D
04
04
05
05
07
07
07
07
05
04
0404
04
05
05
06
05
06
07
07
05
04
0404
04
05
05
07
08
0C
20
2B
30
6C
8C85
84
89
7C
85
86
88
8D
8B
82
89
8F8C
8F
92
99
A0
A3
A1
A5
AA
A9
AC
ACA9
A6
A6
A6
A4
A1
9F
9D
9D
99
97
9A97
94
94
90
8C
87
83
7F
78
75
71
6E6B
68
6A
6B
6E
6C
67
63
63
5F
5C
5C5B
59
57
53
52
4F
4E
54
4C
47
48
5057
5A
58
52
4B
49
4A
4C
4B
4A
49
4848
48
47
42
40
40
43
47
4C
4E
4D
4948
47
45
42
3F
3E
3A
38
39
3B
3B
3C3C
3B
3D
3F
41
43
47
49
47
45
42
3438
3F
3A
32
31
32
33
3B
3D
3C
37
383A
37
36
38
37
38
38
36
39
39
37
3536
35
33
34
35
37
33
34
36
34
35
3434
34
33
33
32
31
30
28
2E
2A
2B
2F30
30
2F
2C
2B
2A
31
32
35
34
31
3132
34
30
31
30
2E
29
25
22
20
22
2326
24
23
21
20
23
26
25
26
25
29
2B2A
29
27
26
26
26
26
26
25
24
24
2425
2B
2E
2F
30
2F
2F
2E
1F
1F
1F
1F1E
1E
1E
1E
1D
1D
1D
1C
1B
1B
1B
1A1A
19
19
18
16
17
18
19
19
19
18
1817
16
15
12
0E
0A
06
05
04
03
06
070B
09
06
0A
09
0B
0A
0A
0A
06
04
0405
04
02
03
03
04
05
07
08
08
06
0705
06
06
06
05
05
04
04
04
04
04
0406
05
05
05
06
05
04
04
04
05
04
0506
09
0B
0C
0D
1A
3C
88
86
8A
84
8093
8B
82
8D
8E
8B
90
8D
89
8C
8C
8E8C
8F
9B
9F
A3
A6
AC
AD
AC
A9
A7
A4A2
A1
9F
9B
98
97
96
93
8F
8C
8B
8A89
87
85
84
85
83
80
81
83
7F
76
7B7F
7C
7B
78
78
7A
77
72
6F
6B
66
605D
62
61
62
60
5D
54
5B
5C
5E
5C
5954
4F
4F
53
52
55
55
52
56
55
50
4945
44
42
46
47
47
45
43
42
44
43
4244
49
4C
48
44
44
47
49
48
49
48
4747
47
45
40
44
46
44
45
43
3D
3D
3A3E
3E
3E
41
40
3D
3C
40
41
3E
3D
403F
3E
3B
3D
3E
3D
3D
3C
3E
3C
3A
3939
36
37
39
3A
38
37
37
38
3A
3E
3F41
41
3F
3C
38
37
37
35
31
2E
31
342F
2D
2D
2B
2C
2B
2B
2A
2B
2C
2D
2D2E
2F
2F
31
31
30
2F
2D
2C
2C
2D
302E
2E
2E
2D
2E
2E
2E
2D
2C
2A
29
2929
2B
2E
30
31
31
2C
2C
2C
2A
27
2827
24
20
20
20
20
21
20
20
20
20
1F1F
1F
1E
1E
1D
1D
1D
1D
1C
1B
1B
1B1A
19
18
17
17
18
19
1A
1A
1A
19
1917
16
15
12
0E
0B
07
08
0B
08
06
0607
06
07
08
04
04
04
02
03
04
04
0203
03
04
05
06
07
06
07
06
05
04
0404
05
05
04
04
04
04
05
05
05
05
0405
05
05
05
06
09
05
04
05
06
06
0707
06
27
4A
7A
99
90
95
9A
98
9B
9D9D
9A
99
99
9C
A3
A8
A8
A7
A4
A5
A9AE
AF
AF
AE
AA
A5
A1
9E
9D
A1
9F
9C97
94
91
90
8E
8B
89
85
81
7F
7B
7C7E
7D
7A
76
75
74
71
69
60
65
6D
6861
5B
59
54
5C
5B
5C
60
5C
55
54
5F5F
5A
59
5A
5C
5D
5C
58
57
62
69
676A
65
64
63
62
61
5F
5C
5B
5C
62
5F5C
5C
54
51
50
4C
4A
49
46
41
3E
3E40
44
42
41
42
43
46
46
45
44
3F
3C3D
3C
3C
3A
34
2F
2D
2B
2E
33
35
3739
38
38
3B
3D
3B
3A
38
34
32
34
3332
34
36
37
38
39
3A
39
39
39
3A
3B3C
3C
3B
39
39
39
37
36
36
35
34
3333
39
38
36
35
35
36
35
35
37
39
3938
38
38
35
36
31
2B
29
2C
2D
2D
2C2A
27
28
27
27
27
28
28
29
2A
2A
2A2B
2A
2A
29
28
28
28
29
2A
2A
2B
2C2D
2F
32
33
36
36
33
2F
2C
29
2A
2923
22
23
22
22
21
21
21
21
20
20
201F
1F
1F
1E
1E
1D
1D
1D
1C
1C
1B
1B1A
18
17
17
19
1A
1A
1A
1A
19
1A
1917
16
14
14
12
0F
0A
06
05
05
06
0504
04
03
03
03
03
03
02
02
02
03
0303
04
04
05
07
06
04
04
04
05
07
0705
04
04
04
05
05
05
05
05
05
08
060A
09
09
06
09
05
07
07
05
05
0A
1A28
7B
A6
A6
A5
A1
9A
98
95
9B
9E
989B
9E
A2
A5
A6
A6
A8
AA
AA
AC
AE
AEAE
AC
A9
A8
A5
A4
A2
A1
A0
9E
9E
9C9A
99
98
95
94
8E
8C
8C
8B
87
84
7F79
73
72
70
6C
6E
6D
67
67
69
66
6565
64
66
6D
69
60
61
67
6C
6C
6E
706A
63
61
6A
67
5F
5B
59
58
57
58
595A
56
55
53
56
54
56
57
56
55
55
5553
56
57
55
56
55
52
51
50
4C
49
484B
4B
4B
4E
50
4F
4C
4C
4D
4C
4C
4A48
47
4B
4B
49
49
47
43
46
46
43
4240
3E
3E
3D
3F
42
45
41
3F
40
3D
3B3A
39
38
35
33
31
33
36
35
34
32
3130
30
34
33
33
34
32
33
33
2E
2E
2D2C
2D
2D
2D
2D
2D
2A
2A
2B
2B
2C
2E2F
2F
32
32
31
32
33
34
31
2F
2E
2D2E
2E
2C
29
2A
2B
2B
2B
2B
2D
2E
2F31
31
31
31
33
34
35
36
36
34
33
302B
2E
32
37
39
38
38
3A
24
25
24
2424
24
23
22
22
22
22
22
21
21
21
2020
1F
1F
1F
1E
1E
1E
1E
1D
1D
1C
1B19
18
19
1B
1B
1B
1B
1B
1A
1A
19
1817
16
15
16
14
12
10
0E
10
0E
0A
0604
03
02
02
03
03
04
04
03
04
05
0608
06
05
04
06
05
04
05
05
05
05
0504
04
04
04
05
04
06
04
05
08
0A
0A08
06
05
07
05
05
05
0B
11
24
7D
8288
94
8F
95
9F
9F
9E
A1
A4
A2
A7
A8A8
AA
AA
A9
AA
AA
AA
AB
AA
A8
A5
A3A1
A0
9D
9C
9A
98
95
92
92
95
97
9799
99
98
9A
9C
9E
9E
9A
96
96
A1
A4A2
A0
9E
9E
9C
9B
9C
9C
97
92
93
928F
8C
8A
87
83
83
80
83
7C
76
74
7879
7C
7C
7C
7F
7C
76
76
75
71
6E
6E6D
67
5F
5E
5D
58
4F
46
47
46
44
4647
47
47
47
47
46
46
45
45
42
43
4341
3F
40
42
43
45
47
47
45
46
47
4544
42
40
3C
38
37
38
3B
3C
3D
3C
3C3E
3E
3E
3D
3C
3D
3E
3F
3E
3C
3D
3F41
40
41
40
41
41
40
41
40
3F
40
3F40
43
41
41
42
3D
3C
3C
40
3F
3F
4347
43
43
42
3D
3C
3B
3B
3B
3C
3D
3835
33
32
31
32
2F
2E
31
31
31
33
3238
2D
2D
2D
2E
2E
2F
31
32
32
33
3435
35
36
37
38
35
31
2F
2D
2C
2C
2C2C
2E
2E
2D
25
26
26
25
25
25
25
2524
24
23
23
22
22
22
22
22
21
21
2120
20
20
20
1F
1F
1E
1E
1D
1C
1A
191A
1A
1D
1D
1D
1D
1D
1C
1C
1B
1A
1A19
18
18
17
16
14
13
10
0C
08
05
0303
04
04
04
04
03
04
06
05
07
09
080B
0B
08
06
05
06
04
04
05
06
06
0605
05
07
04
04
05
04
04
08
08
05
0505
05
05
08
0A
0A
17
39
5E
67
69
7070
77
7C
7C
7D
81
87
8B
8E
92
96
999C
9F
A0
A1
A0
9E
9C
9B
9A
99
98
9595
95
94
94
93
95
96
93
8E
8D
8E
8E8D
89
8A
88
87
86
86
88
86
85
83
8484
80
82
82
7E
7B
78
78
76
73
71
6F73
78
78
75
78
75
7A
7A
7A
7A
7B
7979
78
7D
7C
79
7B
7C
7C
7A
74
6D
6A68
64
6C
6E
6B
6B
6A
68
61
60
5F
5D5E
60
61
5D
58
55
56
53
52
51
4C
4947
48
47
44
44
43
40
3F
3D
3D
3C
3C3D
3F
3C
39
38
38
36
35
35
34
34
3335
37
37
35
34
34
34
37
3B
38
36
3636
36
36
35
35
35
36
37
39
3B
3A
3E3D
36
36
36
38
3B
3E
3D
3D
3C
3B
3C3B
3E
41
40
45
44
46
47
48
47
47
4846
43
40
3F
42
47
49
4A
47
4A
48
4847
45
44
40
3D
3D
40
45
48
46
47
4545
45
41
3D
3E
3D
3B
3E
43
46
45
4326
26
26
26
26
26
26
26
26
26
25
2424
24
24
24
23
23
23
22
22
22
22
2121
21
21
21
20
1F
1F
1E
1E
1D
1A
191B
1D
1F
20
20
1F
1F
1E
1D
1C
1B
1918
17
15
16
14
13
10
0F
07
04
04
1C0F
52
70
6A
36
09
0A
10
25
11
0B
0607
07
15
5A
77
82
70
74
4E
35
4D
736D
61
6F
6D
87
7A
82
75
89
5E
1C
3F4C
5A
5E
6C
B3
D6
D6
D7
D7
D3
C8
B9A9
B8
AE
A3
A2
A1
A0
A2
9E
93
91
8F8E
90
90
91
90
95
97
94
93
97
9C
9888
82
82
87
87
8B
8B
8A
8A
89
89
8A89
8A
88
87
87
89
8A
8B
8A
89
88
837E
79
77
77
7A
78
76
74
79
7B
77
7472
73
74
7A
7E
7C
78
73
71
6D
6B
6C6A
67
65
64
65
65
6C
71
6F
6E
6D
6D6E
70
70
70
6E
6E
6D
6E
6D
6B
69
6565
64
63
62
62
61
5E
5D
5C
5B
5B
5958
56
55
54
53
4B
4B
4C
4A
48
48
4A4C
4D
4D
4E
4E
4E
4E
4E
4D
4C
4C
4A4A
4A
4B
4D
49
4A
4C
4E
4E
4E
4C
4B4B
49
49
49
4B
4A
49
4A
4A
47
45
4442
40
40
3F
3E
3C
38
34
32
31
2E
2D2D
2E
30
2F
2F
2E
30
32
34
35
35
3535
35
35
34
34
35
36
36
36
37
38
3939
3A
3C
3B
3B
3E
41
43
40
3C
41
494C
49
4A
4A
4B
4D
4D
4A
26
26
27
2727
27
26
26
26
26
26
26
26
26
25
2525
25
24
24
24
24
24
23
23
23
22
2222
22
21
21
21
20
20
1F
1D
1C
1A
1B1C
1C
1D
1E
1F
20
21
21
1E
1B
16
1110
0F
10
16
71
A2
99
86
79
6C
48
65BD
AF
BA
D2
CD
B7
A1
A9
AA
A9
A6
988E
A0
AD
A4
AD
7F
77
73
77
6F
6D
717A
77
82
9B
A2
A1
A3
94
7E
78
7F
8786
89
9E
B5
BB
C0
C6
D0
D6
D3
D7
DCDF
E0
E3
E6
E8
E8
E7
E5
E2
E1
DE
DBD6
CE
CD
C4
C3
C0
BB
B8
B3
B5
B8
B8AD
AC
A9
A4
9F
99
95
92
8E
8D
92
928D
8B
8A
85
80
80
82
82
80
7D
77
7572
70
75
79
69
73
6E
6A
62
58
59
5E60
5D
5B
5B
5B
5A
5A
5B
5C
5D
5E
5E61
62
63
60
5D
59
54
56
59
67
6C
7078
5A
5A
5C
5E
60
5F
5F
61
61
64
605C
5E
64
61
63
5E
5C
5A
5D
5B
5C
5C5C
5D
5D
5D
5B
59
57
55
56
56
54
5455
57
52
4F
4F
52
52
50
4F
4B
4D
5451
4B
49
48
48
46
4B
4C
4D
4E
4D
4C4A
48
48
44
43
44
45
44
46
46
42
4243
4A
4F
52
54
50
4B
45
3F
3A
38
3A3F
44
46
48
4C
50
51
4E
47
40
3B
3938
38
34
31
30
30
31
30
30
30
32
3330
30
30
30
2F
2F
2E
2F
2F
31
2F
2E2E
2D
2D
2E
24
25
26
27
27
27
27
2827
27
27
26
26
26
26
26
26
26
26
2525
25
25
25
25
25
25
24
24
24
24
2323
22
22
22
22
21
20
1F
1F
1F
1E
1D1D
1C
1C
1C
1E
4A
7B
7A
8E
73
7B
6844
43
3C
21
1A
1E
1B
1D
2E
43
4C
333A
50
59
61
5F
60
65
59
55
57
50
423E
39
37
2B
2B
2E
2B
27
2A
2C
2B
2E2C
37
32
30
31
36
3E
47
47
4F
5B
6771
74
78
7A
82
7D
87
8E
97
9A
A0
AFB8
BC
BD
C4
C7
C8
D1
D7
D9
DD
CD
C7C4
C0
BC
BC
BA
B3
AF
AA
A6
A1
9B
9591
8E
8C
87
84
81
7E
7D
7C
7B
7B
7C7B
7B
81
80
78
7E
74
77
82
7F
75
7577
79
7C
7C
83
8E
8B
91
90
A1
8F
8C90
81
7B
7A
5E
69
7F
8F
98
AA
C3
C8BC
B9
B1
B6
9F
A8
A5
A7
99
9D
94
9D90
B9
69
68
72
A4
5C
6A
83
66
5E
4BA0
91
7B
BF
81
51
4D
48
47
45
44
4545
46
47
49
49
47
46
47
4A
4D
4E
5052
53
51
51
50
52
53
52
4F
4E
4E
4D4D
4E
4F
4F
4F
4E
4E
4F
4F
4E
4B
4947
46
46
46
45
42
42
43
43
43
42
3F3F
44
3F
3B
36
34
35
36
34
36
35
3434
32
32
33
35
36
36
36
36
37
34
3334
37
3A
39
36
33
35
3C
40
41
41
403A
39
3A
3B
3C
3C
3D
40
40
43
44
4225
25
26
25
26
26
27
27
27
27
27
2626
26
27
27
26
27
27
27
27
27
27
2625
25
25
25
25
25
24
24
24
23
23
2322
22
22
22
22
21
21
22
22
22
21
2121
1E
58
6B
70
63
20
14
15
11
10
130F
14
0B
12
14
12
0E
11
13
14
16
1917
14
14
17
19
1B
20
1B
1E
1C
1E
211D
25
23
1F
22
20
2A
25
24
25
28
2F2C
33
48
53
56
5E
73
78
82
8A
88
8A7F
86
8B
93
8F
91
99
99
98
9A
9B
9A95
92
92
96
99
9E
A5
A7
B2
C0
C5
C9CB
CE
D2
C4
B7
B8
B4
B1
B1
AD
A8
A6A1
9E
99
96
91
8C
87
82
7D
77
72
6C66
61
5D
5A
56
54
54
54
53
54
55
5756
57
58
59
5B
5F
60
6B
79
80
85
8786
83
88
90
94
8E
88
8B
7F
6D
65
696F
6D
5D
5E
66
6F
76
88
92
99
90
9C9E
9B
A0
A3
9D
AC
B2
AF
9C
A0
8D
9699
8A
6D
61
68
6A
78
75
5C
3E
40
4042
43
43
42
41
40
40
3F
3E
3F
3D
3D3E
3E
3D
3D
3E
3F
3E
3E
3D
3E
3F
4040
41
42
43
44
43
44
45
45
46
47
4748
4A
49
4A
4B
4B
4B
4B
4B
4B
4C
4B4E
51
51
51
4F
4D
4F
4E
4E
4D
4B
4A4B
4A
49
47
47
47
47
47
46
45
45
4444
43
42
42
42
41
41
3F
3E
3F
3F
3F3F
3E
3C
3D
3E
3F
3D
3C
24
23
26
2625
25
25
25
26
26
26
27
27
26
26
2626
24
24
27
27
27
28
28
28
28
28
2726
26
25
25
25
25
25
25
25
25
24
2423
23
24
24
22
25
31
62
86
A3
A3
A2AB
B0
A6
3A
1B
1C
0B
11
08
17
0D
1110
10
0B
16
0A
0A
0B
0F
0A
13
12
0922
13
0E
0F
15
15
1D
13
17
14
1B
1B1B
1A
19
1D
1D
20
1F
20
28
2F
41
4B63
6D
68
74
6F
73
76
72
72
78
73
8087
8E
90
96
97
97
97
96
97
97
97
9593
8F
94
93
8E
90
92
8F
94
9D
A1
B0B5
C9
CE
AD
B0
BA
B4
AD
AD
AC
A9
AC9F
9F
9E
9D
99
98
98
94
93
90
8C
8986
84
80
7B
76
72
6E
6A
65
60
5B
554F
4A
45
40
3C
39
38
37
38
3A
3E
3F41
43
45
47
47
46
45
45
44
44
42
4241
40
3F
3D
3C
3C
3B
3A
39
38
39
3937
37
36
38
59
72
83
79
8C
85
8E
7F86
7D
81
61
7E
8E
99
98
8F
6A
5B
4745
46
45
47
48
49
4A
4C
4B
4A
49
4846
46
45
44
44
44
44
44
45
45
44
4342
41
40
3E
3E
3D
3D
3F
40
40
40
4041
42
42
42
42
42
42
43
44
44
44
4546
47
48
49
49
4A
4B
4B
4C
4C
4C
4D4F
51
52
53
53
54
54
54
53
55
55
5758
57
55
51
50
51
51
52
52
52
50
4F4E
4C
4B
4B
19
1D
2F
23
21
1E
23
1F1E
1B
16
17
24
26
28
27
1F
1A
15
1A1F
21
22
23
26
25
25
25
25
27
31
5E75
71
87
A2
A6
B8
BE
CE
C3
B7
A2
9A7E
75
77
78
78
71
65
3F
24
1D
17
131C
11
12
0F
0E
0C
15
0E
11
0F
0D
0C16
14
0C
09
0C
1C
10
10
10
19
15
110E
0E
1A
19
11
11
17
21
0E
11
0F
161E
17
15
19
1D
2B
35
38
46
46
57
635D
6A
65
5D
61
63
64
6E
70
73
80
8C8F
90
91
90
8F
8F
8D
8C
8C
8B
8A
8A89
87
87
84
84
84
87
89
87
8B
90
9AA4
AF
A3
9F
AD
9B
99
93
91
A2
AA
A7A6
A8
A5
A3
9D
A1
94
98
9C
9A
98
9597
94
89
8B
87
7A
7A
78
75
72
70
6D69
65
62
5C
5A
56
52
4E
4B
47
43
3F3B
39
39
39
38
39
3C
3D
40
43
47
4A4E
50
54
55
54
53
53
53
53
52
51
4E4B
47
43
3F
3A
3E
3D
44
4D
6A
82
8E9B
95
9E
9B
D4
DA
D3
C7
B9
B1
87
6B6C
6B
64
49
4B
54
58
54
49
48
49
4546
4A
4C
4B
48
49
4C
4E
4A
47
45
4444
44
43
3F
3F
40
43
43
42
40
3F
3E3E
3F
3F
3E
3D
3D
3E
40
40
40
42
4242
43
43
43
42
43
43
44
45
45
47
4949
49
4A
4C
4D
4D
4E
50
51
51
53
5555
56
58
5A
5C
5C
5D
5D
5F
5E
5E
5E0B
0E
2C
2B
19
17
1F
28
21
13
16
212A
1E
1E
23
27
14
10
07
06
0B
0D
100B
09
0E
14
13
18
22
3D
5A
5C
42
281D
20
2A
25
24
25
22
21
21
23
22
1C1E
1E
1A
19
16
14
11
0F
1A
0B
0C
050C
08
0D
06
0E
10
13
0E
16
10
08
130B
0A
0A
10
0E
08
15
10
0F
12
11
0B0F
12
09
1E
1D
17
1A
12
0F
16
24
1C3A
4E
5D
5C
57
58
5A
60
52
52
55
5A60
5C
59
59
68
75
7A
80
81
81
83
8986
85
82
83
7E
7B
7C
80
80
81
81
8281
7F
7A
78
73
72
75
74
72
6D
6A
9991
90
8C
94
A6
8D
99
8E
8D
8C
7D
8382
8D
9F
95
94
94
8F
8F
8E
95
9B
9DAA
AB
A9
9D
8E
A6
98
92
9A
8C
80
8081
73
73
73
6F
6C
6B
68
67
65
62
605D
59
55
51
4C
47
43
3F
3A
36
31
2F33
35
3A
40
42
46
4B
50
50
55
57
585A
5D
60
62
63
66
67
67
64
63
5E
5853
5E
75
65
5A
7A
85
A3
AF
A9
B7
C4C1
C6
B5
AA
A3
81
8D
7B
69
48
48
484B
49
49
4A
47
4D
49
48
49
49
49
4B4D
4F
4E
4D
4E
50
4E
4D
4C
49
49
4847
49
4A
4A
49
49
4A
4A
49
48
46
4645
44
44
44
43
42
42
42
44
44
42
4342
43
43
44
45
44
44
46
47
47
49
4A4B
4C
4E
50
51
53
53
55
06
04
06
1214
0A
0A
0C
0E
10
16
15
12
11
0F
1819
12
37
3F
07
07
0A
18
1B
1E
16
0514
07
04
0B
17
07
12
0A
13
0B
14
0E0F
0D
11
10
0B
0B
0B
09
12
0A
10
0D0C
0C
0C
0B
10
0B
0D
07
09
0E
0F
0716
10
07
10
12
08
1A
08
08
17
07
0A14
0D
16
08
1E
13
08
11
0C
11
08
0A12
08
0F
0F
12
19
24
2F
40
41
54
5A5E
64
69
6C
6D
70
73
72
73
78
7C
8084
87
8B
8D
8D
8E
8C
8D
8B
88
88
8887
86
88
82
7D
7F
7B
79
78
7A
75
7272
6C
6B
65
66
65
6C
6B
6B
69
6C
6666
63
61
7A
7C
82
93
80
77
7C
6B
686B
6D
6E
72
76
7E
8B
84
80
83
8D
9D95
A3
A7
97
9F
A4
A7
AB
A3
AC
A3
908C
94
8E
88
81
7C
7A
78
75
78
64
6664
62
5F
5E
5C
5A
58
55
54
51
4D
4843
3E
3A
35
33
30
2D
2E
2E
2E
2E
2E2F
2F
32
36
3C
42
49
4E
52
53
50
4C4A
47
44
40
3D
3D
41
41
49
5A
7E
7A8E
9B
95
8B
87
7F
69
69
49
48
4B
4344
40
3E
3D
3E
41
44
41
3F
44
4B
4545
44
45
46
47
46
46
47
49
4A
4B
4848
49
4A
49
48
47
46
47
49
49
47
4546
48
47
44
42
43
43
42
43
45
46
4646
44
42
42
42
43
44
44
44
44
44
4444
45
44
45
06
05
02
03
05
0A
07
060B
0B
09
0E
10
18
30
1A
21
16
1F
6353
08
0F
06
06
08
04
0B
08
09
07
1408
0B
08
12
10
14
07
0C
08
0C
09
0E0E
0B
0D
09
08
06
0F
0B
09
0B
0B
0C08
0A
0D
15
14
0D
0F
11
0C
05
0E
1408
17
0A
16
15
0E
07
0D
09
15
0F
0C0F
1A
0A
0B
07
1A
11
08
08
15
1B
1811
1D
36
38
35
4F
4B
4B
4A
51
51
4F5D
66
61
64
69
6D
73
7A
7D
82
86
898B
8C
8C
8C
8B
89
89
89
87
86
87
8787
85
85
84
7E
7B
75
6F
6C
6A
6C
6C69
6A
6A
67
65
66
64
63
61
60
63
6361
62
62
63
65
6C
89
B5
98
90
74
7375
79
72
70
73
75
76
73
86
86
84
99A4
9B
98
94
A0
B2
A7
A1
8C
9B
A6
9CA3
96
8E
A2
86
8E
98
89
95
7F
81
7F85
81
61
5F
5F
5F
5F
5E
5C
5C
5B
5A58
56
53
4E
4A
46
42
3F
3C
39
38
393B
3E
40
42
43
44
48
4F
54
5A
5C
5E5F
5F
5F
5E
5C
56
50
47
42
3E
47
4E71
87
81
80
8E
81
92
7E
74
48
4D
4F53
5E
5E
60
4F
4C
4E
49
49
4B
4B
5050
4B
45
4A
51
51
4B
44
48
52
57
534F
4B
47
45
45
47
47
4A
4B
47
44
4547
45
46
47
46
42
42
46
42
3F
44
4443
42
42
43
46
48
43
41
44
46
46
4406
07
05
02
02
03
05
05
04
08
06
0708
0E
11
1B
19
1C
24
38
74
56
08
060B
06
0A
0E
0E
06
11
0D
1A
07
0D
0806
1E
07
09
07
0D
17
0B
1B
0A
08
100A
08
16
10
09
0A
16
07
0A
06
10
0E08
08
10
08
06
0A
06
0A
0F
07
07
0D0A
17
17
18
14
13
14
0D
0A
0D
0F
2025
29
2D
2A
1C
12
0D
0B
13
1D
1E
2B4D
58
5C
56
56
5F
5C
59
5F
59
5E
6367
6A
68
6E
71
75
7A
7A
7F
7F
7D
7F7F
80
82
85
84
85
82
80
7D
7E
7E
7C78
6E
74
75
73
70
6E
6E
6B
67
66
5F5E
57
57
55
54
52
52
4D
47
45
45
484C
51
52
4F
59
84
AE
58
58
5C
5C
5F63
66
67
6B
6C
6C
6F
71
72
74
78
7C98
8E
8C
95
A7
B6
A3
BC
BA
B9
B4
B5AC
AC
9C
90
88
85
78
8A
84
90
70
8171
61
62
62
62
61
61
61
60
61
62
6262
61
60
60
60
5F
5D
5C
5B
5B
5C
5C5E
5F
61
62
64
65
67
6B
6C
6C
6E
6E6F
6E
6E
6C
6A
67
63
5F
5A
53
4B
433C
3A
35
53
7A
95
93
9A
88
95
84
8488
77
84
92
99
95
96
81
7C
54
49
4746
48
49
4A
4C
4C
4B
47
43
47
4B
4A45
45
47
46
46
49
4B
49
4B
4D
4F
4F4E
4F
50
51
50
52
54
55
54
53
51
4F4D
4C
4B
4A
49
48
48
4A
14
0E
09
0506
03
02
02
03
02
03
04
05
0F
0F
090D
0C
1A
29
43
6D
64
1F
11
0D
0F
0A0A
0B
0D
04
0C
09
06
0D
04
05
0F
090F
05
0D
07
0C
0E
09
07
05
11
06
080B
09
19
0A
10
0D
15
09
09
0B
10
0A0A
06
09
08
0A
07
0A
06
05
0D
06
0F14
0D
20
18
17
10
0B
0A
10
0B
09
0B0F
0B
12
1C
24
31
3F
4B
5A
62
50
5269
62
5E
61
60
5C
5F
5B
5D
60
60
6A6D
6E
73
78
7F
7C
7B
70
6C
71
74
7370
6D
73
73
72
6D
69
6C
69
5D
58
5551
4A
4E
56
54
55
59
5F
5D
60
5D
5755
52
50
5D
61
62
66
5F
54
4B
49
4A44
47
5F
69
75
6F
72
77
73
6F
68
6D6D
71
6E
72
71
75
7A
7A
7E
78
82
7F7E
89
8B
86
8A
9B
A6
9C
99
95
AA
ACA3
A2
9F
A8
A2
95
86
7F
AB
AE
95
718F
8A
84
7E
84
75
66
66
65
66
65
6365
65
65
65
65
64
64
64
62
60
60
605F
61
62
65
65
66
6A
6B
6C
6D
6D
6E6F
71
6C
69
68
64
62
5F
5B
58
54
4E45
3C
34
2E
2C
2A
31
33
4F
6F
7A
6E77
71
74
7C
84
90
95
8C
89
89
79
7668
71
4D
46
49
4C
43
46
4B
4A
49
4D54
50
54
55
51
54
54
50
50
51
51
504E
50
52
54
52
4E
4E
4E
4C
4B
4D
4F4F
50
50
50
1C
1B
19
17
16
15
13
0F08
08
06
11
0B
0F
10
0E
0E
0C
0F
2A1D
2F
3E
43
1C
19
18
15
15
13
10
130F
0F
15
0F
09
0F
09
12
04
09
14
0508
09
0B
05
0E
0B
06
04
04
0A
06
080A
0B
09
05
08
07
0F
04
0F
0E
06
1413
0C
08
07
0B
0A
08
06
09
0A
0A
0D0C
14
12
14
16
1D
27
23
26
21
21
2528
2E
3B
48
51
57
56
5A
5F
5B
67
646B
6F
6C
73
73
75
7B
7B
7C
81
7F
8586
86
88
86
86
84
82
83
81
7F
7D
7E7F
80
7E
7D
7C
78
75
76
72
6F
6E
615D
5A
58
58
5B
5F
60
5C
59
5C
5D
5D5D
58
52
54
5A
5D
52
4F
53
5A
57
5256
55
54
50
52
61
60
5D
5C
5D
5C
6572
72
72
76
7A
7B
7B
7F
81
81
85
7B83
86
7F
85
87
87
97
8B
8A
8A
91
A0B1
A8
9F
9E
8E
87
89
8D
A0
91
71
706E
60
6A
6A
61
66
74
72
60
5E
61
6162
63
63
64
64
64
65
65
63
61
5F
5D5A
57
54
50
4D
4B
48
47
46
48
4B
5255
5D
5F
61
63
64
65
62
60
60
5D
5955
51
4D
46
40
3B
35
33
2F
2B
2D
2B33
38
3B
46
3F
41
43
48
4A
48
5F
705B
60
57
65
5F
55
5C
57
48
49
4D
4F4D
49
49
4E
52
50
54
55
4E
4A
4D
5454
53
55
59
57
52
50
54
56
53
53
541D
21
21
1D
1E
1D
1B
1A
18
16
15
140E
0E
0E
0D
09
0A
0A
13
16
16
1C
1510
13
18
18
15
14
17
17
1E
2A
24
1B1F
1B
12
10
16
0E
0B
13
0F
10
18
0A0C
14
0A
0C
0C
08
10
0A
23
11
0A
0E17
07
06
0C
0E
07
08
07
06
07
11
0A0B
0A
0C
09
0A
09
09
0C
0B
11
0B
0811
14
0E
10
12
15
22
2F
37
49
56
5B5B
5C
66
65
63
63
66
5F
5E
5D
64
6961
5F
64
69
6C
6A
70
75
7D
7F
80
7B7C
7D
75
75
75
6F
6F
71
6E
70
74
7372
6F
69
67
62
5F
61
5E
5F
61
59
5253
51
50
4F
4F
4E
4B
4E
50
4B
4C
4643
47
4A
51
57
51
4C
4D
53
53
44
3C43
4B
47
49
4F
62
64
7D
8A
85
7F
625E
65
72
7E
80
82
86
83
7F
7D
7D
797C
83
80
82
7D
79
76
7A
7D
83
88
8D88
95
9D
8A
98
A7
8E
91
8F
8A
8D
867F
80
5D
73
84
6C
61
7F
7C
73
61
5E5D
5E
62
62
61
63
64
63
61
60
5D
5955
4F
4A
47
44
3F
39
38
32
30
30
2D2C
2D
31
32
37
43
41
48
4A
4A
4F
5151
51
52
50
4F
4E
4D
4B
49
44
41
3E3C
3A
36
33
30
2E
2A
29
2B
2F
31
3538
3A
3D
3D
42
59
50
4B
53
4B
54
5352
4E
4E
55
4E
48
45
42
41
49
4C
4F51
50
4A
46
44
44
47
4D
19
1D
21
1F20
21
21
21
21
1F
1A
12
0E
0B
0D
0F0E
08
07
05
08
07
0C
0A
08
08
0D
0B0C
0D
0C
0F
18
15
16
15
13
19
29
231D
1A
19
1B
19
14
14
13
12
11
10
0E0D
12
1A
09
0B
09
13
07
0B
0F
0C
0B0C
13
0E
0C
0B
09
0B
0D
0D
0F
09
0F16
0A
09
0A
0C
0B
15
0E
16
16
14
1110
11
11
19
23
37
42
4B
52
58
56
5761
5C
5A
60
5A
68
70
69
72
74
7C
7E7E
7E
79
80
80
79
7C
80
7D
7D
7D
7776
77
72
75
78
7A
78
74
72
62
57
5C55
56
4B
4F
53
54
53
58
58
57
59
5657
4F
4A
4E
49
43
45
45
40
44
43
4243
45
3D
33
33
22
13
0E
13
19
17
1017
22
35
39
37
35
26
23
1C
12
18
3989
8C
76
80
84
81
7D
7F
85
7F
83
8480
75
77
70
71
70
74
76
74
79
7D
798D
92
86
8F
98
9A
93
A6
A2
9F
9C
8A8A
95
86
7A
79
6F
7B
74
84
62
64
6362
5F
5E
5E
5E
5F
5E
62
61
60
5D
5A56
55
52
4E
4A
44
3F
3B
36
30
2B
2623
21
1F
1E
1D
1E
1D
20
24
2B
2F
353A
40
43
46
49
4D
4E
4E
4F
4F
4E
4D4D
4D
4E
4C
4B
49
46
44
41
3D
3A
3635
32
2F
2E
31
33
33
33
34
35
3A
4047
49
4E
55
50
4A
50
56
55
51
4C
4B59
63
59
4F
13
1A
1A
1B
1B
1E
1F
2124
25
26
22
14
09
0C
0D
0E
09
08
0504
05
09
08
07
08
0E
07
0A
08
0C
1211
0B
0C
0D
0E
14
24
41
3D
1E
20
211E
1C
1B
1B
1A
1A
19
19
18
17
16
1514
19
1B
28
11
0F
1E
1B
10
0E
0E
1010
0E
0E
11
11
0E
10
0D
15
0E
14
1719
1C
1B
15
16
21
27
29
28
25
33
3032
35
3F
45
4A
47
4E
47
4C
4C
4E
544F
4C
47
4C
4B
4B
51
4B
48
47
46
5052
51
56
5B
5B
57
5F
63
60
61
60
5C5C
60
62
63
61
5F
60
60
60
66
5B
4F50
4E
4B
4B
3D
38
35
33
34
35
32
3432
33
33
3B
3D
3C
3D
3E
37
2F
1E
1923
14
06
05
09
06
06
07
08
10
10
0E0B
0C
14
0C
05
04
08
08
3E
A5
AF
ADA6
95
82
86
83
84
8A
93
91
90
93
8A88
83
7E
76
74
75
78
78
7F
83
87
8D8B
9F
A3
98
8D
95
98
A3
99
9A
AA
ACA0
9E
95
91
97
82
82
7E
65
69
73
8264
65
63
62
62
60
5D
5C
5E
61
60
6063
62
60
60
5D
5A
57
54
4F
4A
46
403A
33
2C
26
22
1F
1D
1B
19
17
17
161F
1A
1E
22
28
2A
2E
32
36
38
3D
3D3F
41
42
44
42
45
47
44
42
42
47
4245
42
41
3F
3B
3D
42
41
41
3E
3D
4042
44
3D
3E
3E
3E
3D
3C
3B
3D
3E
3F11
15
16
16
14
19
16
1E
1E
1F
22
1F19
0E
0C
06
0C
11
0D
05
05
09
0B
0808
0C
11
09
08
0B
07
0F
0F
09
09
0E08
0A
18
2C
46
4B
2C
26
1E
1E
21
2021
20
20
1F
1E
1F
1E
1C
24
1B
1A
1924
1F
16
19
21
17
14
15
14
17
13
1513
14
15
15
15
11
14
11
15
1C
1E
1E28
21
34
35
32
31
31
35
3E
38
3E
494A
4A
4B
4C
54
4C
47
46
3D
42
45
4C44
44
45
4A
4A
47
4A
4C
49
48
4A
4B49
4C
54
56
54
5B
5C
62
61
67
64
574F
58
58
4B
51
4E
4E
56
52
4E
51
5A5B
52
50
52
57
4A
46
42
44
45
45
3732
30
32
1E
14
14
1D
26
1D
08
04
0504
04
04
07
0A
09
09
07
08
0B
0B
0505
06
07
07
04
0A
2C
4A
52
6F
88
92A6
AE
9E
8A
91
95
8F
93
94
93
90
8E8A
8A
87
84
82
8E
85
7F
82
82
84
977F
70
78
78
7A
7A
81
85
96
95
B1
B6A7
96
97
9F
93
94
91
88
90
7F
64
8584
7A
6A
67
64
63
62
63
63
65
62
6262
61
5E
5D
5E
5D
5C
58
56
51
4E
4A44
3F
3A
34
2F
2B
26
22
1E
1B
18
1513
12
11
11
12
12
12
14
16
16
17
1A1E
1C
25
1F
25
28
2A
2F
34
36
38
3A3C
40
42
41
40
43
44
42
44
45
45
514D
4C
55
4B
53
63
4F
6D
10
12
13
1212
13
17
15
19
1B
1B
10
16
0D
0F
0C13
13
23
24
21
1D
0C
08
09
0B
0A
0609
0B
11
0F
08
0D
11
0D
08
05
06
1427
36
2D
23
22
21
21
23
24
24
23
2624
24
22
23
2F
21
22
21
20
22
22
1E1F
1E
1C
1F
1D
1E
24
1B
1A
19
1B
1717
16
1A
18
17
17
1B
2C
29
27
27
2627
26
2A
33
3C
48
4D
4F
58
59
57
5B5D
5B
61
69
6D
6E
69
5F
5E
64
5C
575F
63
68
68
68
5C
5A
5D
5F
59
69
5E5A
5E
5C
52
4E
52
4D
4C
47
47
41
4143
41
4A
50
52
4E
4C
50
4C
48
45
4245
4B
4C
47
41
43
40
40
3D
2E
1B
090C
12
16
11
07
06
08
08
08
06
06
0607
07
06
07
06
09
0E
0C
09
09
06
0504
04
06
27
3D
42
43
3A
40
B3
C7
C2BE
A8
90
8B
90
96
A0
9E
9F
9F
9D
9C97
93
8F
88
81
81
7D
7F
8B
78
76
7176
87
7F
85
9D
A2
98
A0
96
86
94
97A1
97
99
9B
83
8C
95
90
91
88
89
8986
8C
78
78
75
72
6C
6D
6C
6A
67
6665
64
60
62
60
5E
5D
5A
59
57
55
5450
4D
4A
49
45
40
3F
3B
34
31
2D
2924
20
1C
19
17
14
12
11
11
13
1D
1D21
1F
1D
20
24
23
23
25
21
20
22
2325
28
2B
30
34
37
3A
3D
42
44
48
4B4C
4B
52
4E
10
10
10
10
10
11
10
1317
18
13
0F
0D
0D
11
11
10
0F
1E
2623
24
1F
1E
10
08
0F
0B
0E
05
0E
140F
08
08
0A
08
07
05
04
15
1B
17
211F
1F
24
22
23
23
24
26
29
28
28
2829
2D
2C
29
2A
2A
28
27
29
27
26
2626
25
22
23
26
23
1D
1C
1B
1B
1B
1918
1C
23
27
21
23
27
2B
33
34
2C
3A36
37
43
49
4E
53
5C
5E
5A
5C
5F
5F60
5C
63
64
64
5F
5D
62
62
68
64
656C
74
6E
74
6A
65
67
6E
72
6D
6D
6E6F
68
6A
60
61
5C
5C
58
51
4C
50
514D
4F
53
4E
4E
4C
48
49
43
43
3A
3B43
42
3D
45
24
12
0D
0E
09
08
06
0303
03
04
06
07
07
06
07
07
07
07
0706
0B
09
0C
0A
07
06
04
05
05
04
061C
2F
34
35
35
3B
3C
43
38
63
70
7566
6B
6D
8B
88
7D
88
86
8F
94
94
9A9D
9A
97
94
96
99
9B
92
97
9D
A2
A2A5
A0
A4
A4
92
76
76
74
75
89
93
8394
8A
93
8E
8B
8E
8D
90
76
A0
93
8892
94
90
92
8B
7F
78
82
7F
6B
69
6867
66
65
63
61
5F
5E
5A
57
54
51
4C49
47
45
41
3E
39
35
30
2C
29
26
2421
1F
1C
19
18
15
13
12
12
1C
12
1517
1A
19
1A
1C
1A
19
1B
1B
21
21
2226
24
22
1F
1B
1D
1E
22
23
25
29
2C0F
10
10
10
0F
0E
10
12
12
14
12
0E0B
0C
0A
0A
0E
0F
25
2B
2D
28
27
0A08
08
14
13
18
1E
20
27
28
2A
28
2627
23
21
1B
14
0A
0A
0D
16
1F
28
2425
24
24
26
25
25
26
26
27
28
28
2928
28
28
29
2A
2A
29
29
2A
28
2B
2D2A
2B
2B
29
2C
24
27
29
24
29
2F
2826
22
27
28
2A
26
2E
38
39
3B
42
454D
49
54
5C
5B
60
63
5F
5C
5B
62
636B
67
66
6F
6C
6A
60
64
65
65
5F
5E60
60
5E
60
5F
5E
5F
62
63
62
65
6A68
6C
70
6E
6D
67
64
62
65
5E
5F
5860
5D
59
5A
61
58
4C
49
4A
40
2C
140B
07
05
04
04
03
02
02
02
02
03
0304
04
05
06
04
07
06
06
06
08
08
0608
07
07
07
06
07
08
06
10
25
3E
4141
3F
3B
39
39
3B
3A
3B
3C
3F
35
47A2
A7
9A
95
83
76
73
70
7C
83
8A
8C8F
89
8E
8F
88
87
88
92
90
8C
8B
8A8A
8A
90
8B
89
84
80
92
95
9A
89
9099
97
9B
99
98
94
A8
A2
94
91
8B
929D
94
9C
96
8F
A4
BB
A0
B0
92
69
6E6B
68
66
64
62
61
5D
5C
5C
58
54
514F
4D
4A
48
43
42
40
3C
39
37
33
302D
29
25
22
1E
1A
17
15
14
11
17
100F
19
16
10
17
10
10
10
10
11
11
1010
0F
12
19
23
10
15
14
0F
10
10
0F0F
0E
0F
10
10
11
13
0F
0D
0E
09
0A09
10
20
21
2A
2A
29
08
09
09
08
081E
29
2B
2B
2A
2A
2A
29
2A
2A
2B
2B2B
29
28
26
26
2A
3C
38
31
33
2B
2724
25
26
27
26
26
26
26
27
28
28
2727
28
28
28
27
28
29
29
27
27
27
2A32
34
29
2A
41
41
38
2F
2F
3D
3E
373A
42
46
49
4C
50
59
5E
65
67
69
676A
6F
66
65
6B
6B
6D
6D
74
73
70
717E
7D
7C
7C
75
77
77
74
75
70
6F
6967
68
6B
62
68
66
63
60
58
5A
5A
5E63
64
69
64
66
66
66
66
65
67
59
555D
5B
4C
3F
27
19
10
08
08
05
04
0403
03
04
04
03
03
03
02
02
02
03
0305
05
06
06
07
05
06
07
07
07
06
0608
09
08
09
07
0B
1D
3C
43
47
4A
4C48
44
46
3D
39
39
3B
37
37
42
43
4350
55
57
66
6A
6B
6F
6D
6D
6D
74
787D
7E
7C
7C
86
8D
8E
99
95
8F
8C
8689
89
84
83
84
8A
96
90
86
88
8B
A6A5
9A
8A
8C
A3
A0
9E
A1
A1
9B
8A
9491
96
8D
98
9D
9F
B1
AD
AC
A2
9F
A591
86
6A
63
66
65
61
5E
5D
5C
58
5755
54
52
50
4D
4C
4A
47
45
43
41
3F3C
39
36
33
2F
2B
26
22
20
1D
19
1C14
14
14
16
13
0E
0D
19
15
0F
13
0D15
0E
0B
0F
0F
0F
10
0F
0F
0E
0E
0E10
10
12
10
0E
10
0E
0F
0F
0F
0E
1524
29
22
07
09
09
0D
0F
0A
26
2F
2E2E
2E
2D
2B
2B
2B
2A
29
2A
29
29
2A2C
2D
2F
31
33
35
37
39
37
33
32
3432
39
3E
36
35
52
66
59
3D
36
32
3532
2F
2E
2D
2C
2A
2A
29
29
27
27
2728
28
25
26
31
39
2C
33
3A
30
32
484C
53
5A
58
5B
5D
58
5D
64
67
67
6662
6E
70
6A
6B
6A
66
65
61
5D
5C
5E62
63
5D
62
69
68
67
6A
6B
6C
69
666B
6C
6D
6C
6B
6A
6D
60
64
65
63
6361
61
62
63
64
61
60
60
5D
5F
51
0B03
08
06
08
08
05
05
04
05
06
05
0505
04
03
03
03
03
03
02
03
03
05
0607
05
08
08
08
06
07
09
0A
07
07
0706
04
08
1A
3C
48
4D
4F
50
4A
4A
4847
4B
52
50
46
52
55
4D
52
57
5B
6164
64
5B
66
72
74
6A
73
6C
80
7F
817C
8E
8D
90
98
9F
95
9E
93
8B
89
8987
87
87
87
8A
7F
7E
81
80
82
82
7E7D
7B
7A
8E
B1
A7
94
98
91
95
90
8E82
83
7F
87
8C
83
86
83
99
A8
A6
9794
91
94
89
98
A5
8B
64
64
61
5D
5C5B
59
57
56
54
52
51
4F
4C
4A
47
4643
42
40
3D
3C
39
36
34
30
2E
2D
2A27
26
23
1F
1D
1D
18
20
15
15
16
140F
0E
0F
0E
0E
0E
0E
0F
0F
10
10
1110
0E
0D
0F
0D
0A
0D
1C
1A
1C
22
130F
16
22
21
0A
28
2D
2D
2D
2D
2D
2C2C
2C
2C
2A
2A
29
28
28
28
27
28
2929
2A
2B
2C
2D
2E
30
32
33
34
36
3738
38
38
36
3C
55
64
4B
48
6B
5B
526B
7E
7D
7D
79
86
80
7A
79
52
3A
3C3A
35
35
34
38
37
3B
46
44
51
54
5963
63
68
6B
6D
73
72
72
78
74
76
7776
79
7C
78
79
7A
79
77
76
76
75
7574
75
71
6D
60
66
67
64
68
6A
67
5E5C
62
62
67
6A
67
60
5E
5C
65
68
625F
61
60
65
66
65
59
36
27
19
06
0606
06
06
07
08
08
0A
07
06
06
05
0606
04
03
03
03
03
03
04
05
06
08
0707
06
07
07
07
07
06
06
07
04
04
060D
31
3C
34
2F
31
33
35
37
3A
3A
3B3B
36
34
30
2A
26
23
25
27
2A
28
2628
2C
2D
2F
33
3E
41
46
4B
51
59
625F
66
69
6B
6F
80
89
8A
8A
8A
84
878C
93
91
95
9B
97
90
8B
84
82
87
878A
95
8E
8A
90
8E
7F
7A
81
89
91
9299
95
96
89
8B
8F
95
8C
8E
91
89
8E92
9D
C4
CE
C5
C2
B2
A4
8A
68
61
5D5B
58
56
55
54
53
53
52
52
51
4F
4E4C
4B
4A
48
46
43
41
40
3E
3C
3B
3A37
39
34
32
36
2F
2E
2D
0E
0D
0F
0F0E
0D
0E
0F
10
0F
10
0F
11
11
0E
0C08
08
12
20
19
16
21
1F
21
16
18
221B
25
2B
2C
2E
2E
2C
2B
2C
2C
2B
2A28
27
28
27
26
25
24
24
24
23
23
2323
24
25
24
27
29
2A
2D
2E
2F
30
3133
35
37
37
38
38
38
36
35
34
32
3030
2B
30
3C
64
86
97
8E
9B
8A
94
8083
76
73
55
5E
5D
62
5D
5B
5B
5B
5A59
5B
59
5B
5C
5D
5E
5D
61
61
64
6667
67
66
69
6B
6C
6C
6F
70
68
67
6761
64
69
66
64
64
65
67
66
68
6C
6564
65
62
5F
60
61
61
60
61
5F
62
615E
5E
5F
5D
53
40
25
0A
09
0A
08
0809
09
09
08
08
07
06
06
06
06
06
0606
05
05
06
06
06
08
08
09
08
07
0809
08
07
06
06
06
08
09
0A
0C
1E
2D35
37
36
35
37
33
33
3D
42
42
42
403E
3F
3F
3D
3C
3B
35
33
32
32
34
383C
42
45
41
3A
3C
40
47
54
87
80
8183
86
96
8D
87
84
84
86
8B
87
84
8390
98
96
92
95
91
91
9C
9B
92
88
7972
75
76
7A
7F
91
9E
8F
8D
8E
82
8890
9B
95
96
94
99
95
8B
88
80
95
AE99
9E
9A
A7
B4
BF
BD
B8
B6
B6
A2
9677
7D
5E
5F
5B
57
55
52
50
4E
4D
4D4C
4A
4A
4A
49
49
48
47
47
46
44
4443
42
41
41
0C
0E
0F
0F
0E
0E
0E
0E0F
10
0D
0D
10
10
0A
07
08
09
1C
211B
12
11
1B
1D
13
23
23
27
25
25
2429
2A
2D
2D
2E
2C
2B
2A
29
27
25
2221
1F
1E
1E
1D
1C
1C
1C
1B
1B
1C
1D1B
1D
20
20
21
23
24
26
27
29
2A
2A2C
2D
2F
31
33
35
36
36
37
2D
32
3535
30
2D
2B
27
2B
38
49
50
5F
71
8798
9C
A1
A9
AA
A8
A8
A2
9E
97
91
8C88
84
7D
78
74
71
70
6F
6C
67
67
6765
64
61
62
61
5D
5D
59
57
58
57
5758
58
58
5B
5B
5A
59
57
5D
62
5F
5F5C
5B
5C
5D
59
5B
5A
58
56
53
53
5151
50
4A
2B
10
0E
0E
0D
0E
0E
0E
0D0D
0B
0F
0C
0A
0B
0B
0C
0B
0B
09
0809
09
08
08
08
07
0B
0A
08
08
08
0809
0C
13
1A
1B
27
33
44
4B
4B
45
433F
3C
37
31
3A
3E
3D
3D
3D
3D
3C
4043
43
43
47
4A
51
50
4F
50
52
56
5968
6B
69
69
67
69
6D
6D
66
75
82
898E
83
80
82
84
82
6F
78
74
71
71
797E
7D
80
A3
9B
8E
8C
86
87
87
87
8889
88
98
91
8B
8C
9A
88
88
7D
81
808D
95
9B
96
9B
95
89
84
8D
9A
8B
9287
7C
7F
76
7C
8D
A3
A4
A9
9C
A7
9F99
72
82
74
82
79
73
5C
5E
5C
59
5654
52
50
4F
4F
4D
4D
4C
4C
4B
4C
580C
0D
0F
0F
0E
0E
0E
0E
0E
0F
0E
0B0E
0F
0A
07
09
1A
1F
20
1A
0E
0D
1422
21
21
24
27
27
25
28
26
26
27
282A
2C
2E
2D
2D
2A
2A
29
27
25
24
221F
1C
18
16
16
15
14
13
16
17
18
1818
1A
1B
1C
1D
1F
20
21
21
24
25
2216
27
3A
2D
2E
2C
24
2B
2C
31
2C
2A2E
31
2D
37
3B
3C
3B
39
36
36
3E
4C5C
6F
7A
87
95
9A
9D
9C
9C
97
92
928F
8E
8C
8A
87
86
87
87
85
81
82
807D
82
80
7C
7B
76
72
71
6D
69
67
6A66
64
65
61
61
60
5E
5C
5A
57
59
5756
59
5A
56
56
51
4C
4E
4D
49
3B
2D1A
12
15
13
11
10
14
13
12
10
12
1511
12
12
12
10
18
10
12
0E
0D
0D
0C18
0C
0D
0D
0C
0C
0F
0F
17
1A
23
2C39
3B
3F
42
3F
40
3D
3B
3A
3C
3E
4143
47
4A
4B
4B
4B
4A
4F
54
56
54
4E4C
44
40
46
46
46
43
41
3B
42
44
474D
4F
50
59
59
55
5A
5D
58
57
5C
6263
5F
7A
76
78
7A
7C
7A
73
6F
70
6C73
81
7F
87
87
8A
7B
77
7A
7C
7B
8589
8C
7E
75
76
83
89
8C
87
81
7E
8386
87
88
8B
85
7F
98
90
86
7E
84
8E8E
9D
97
92
82
6E
6F
6C
85
A2
A2
A0A1
8D
86
91
A0
9F
A3
8A
91
92
9C
A698
75
5A
58
56
51
60
54
0E
0D
0E
0F0D
0E
0F
0F
0D
0F
0E
0B
0C
0C
14
1214
13
15
21
14
09
12
20
1E
20
19
2122
22
22
26
28
28
27
25
25
26
27
292A
2D
2E
2C
2A
26
27
27
28
26
26
2321
1E
15
13
16
13
15
16
15
15
15
1617
18
18
19
1A
1C
1B
09
06
06
18
444E
35
1F
1D
12
0A
0E
15
1D
18
1F
3035
39
3C
3F
42
43
3A
3B
3A
3D
35
3437
3E
4F
64
75
85
91
92
91
8E
8D
8A87
84
82
7C
7A
78
76
73
70
6E
6C
6D6E
6C
6E
6B
6D
6D
6F
6C
69
6B
69
6A65
64
67
67
67
66
62
62
61
60
5E
5B5A
58
58
57
54
4F
4E
42
32
16
14
1313
13
17
11
11
15
11
1E
10
0F
0F
1115
12
10
11
12
10
15
15
10
10
10
1614
14
18
13
12
14
23
31
3A
3D
3B
3839
3D
3D
37
35
36
39
3D
43
41
3A
373D
44
42
3D
41
40
42
41
3F
3E
3D
3F3F
3E
3B
38
3B
3F
43
44
46
48
4A
4A46
40
3A
39
41
4A
4B
45
44
44
43
464A
4B
4C
4D
59
6B
74
6F
6F
85
92
8C8C
89
7D
7E
84
86
82
81
80
82
8A
9D96
71
7A
7C
7C
79
82
7C
73
73
70
7071
6E
6B
6A
74
87
8D
7E
78
84
82
7B82
84
7D
90
92
7B
7D
82
85
85
42
2108
0E
41
73
88
7E
8E
82
9B
92
73
665F
5C
4D
39
16
12
0F
0F
0D
0F
10
0F0D
0F
0E
0B
0D
0F
11
10
0F
09
17
200B
07
15
1D
1C
10
0E
1E
22
1E
1A
2425
26
24
27
28
26
24
25
26
28
2A
2A2B
2B
2C
2B
29
26
26
26
26
23
21
211F
1E
1E
1B
19
18
17
16
15
15
15
1513
0E
06
04
04
05
06
06
18
41
34
0B09
0A
0B
0C
0A
09
11
1E
2C
36
33
3232
2F
1E
24
34
22
24
26
1E
26
1A
1539
40
3D
4B
5C
6D
7A
87
8A
89
88
8481
81
7F
7C
7A
79
76
72
71
6F
6D
6B68
67
65
64
62
62
60
5F
5D
5A
5A
5959
5A
5A
5C
5C
5C
5B
59
58
55
55
5958
54
4E
3F
24
18
16
17
16
16
15
1413
14
15
13
13
16
16
11
15
17
0F
1113
0E
0E
0E
0E
0E
0E
0D
0C
0D
0F
1A20
27
2E
2D
31
2F
2C
2B
2D
2B
2B
2C2F
2E
2D
2E
2F
32
35
3B
3F
3C
3F
4144
4C
4C
49
49
4C
4C
4D
4D
4F
4F
4D45
3D
3A
3A
3B
3D
40
47
4E
4D
44
454B
4E
50
51
52
54
54
52
51
53
56
5759
61
68
61
5B
61
6E
84
7C
7F
7F
8085
83
70
73
79
71
73
70
70
77
72
6A6A
6A
7B
96
97
88
88
82
82
86
85
9087
76
7C
80
85
74
74
7A
7E
89
7F
7B7A
9D
A9
AE
96
61
29
10
13
0A
0A
0588
C9
A5
66
80
78
7F
76
5A
48
3D
251F
1B
1D
1A
16
15
12
11
0D
0F
0D
0913
0F
14
09
0E
13
11
10
10
10
17
1C19
0F
0D
1B
21
1A
1C
23
22
1F
25
2728
28
29
25
25
25
26
26
25
25
2A
2B2D
2D
2C
2A
2A
25
29
28
29
28
2B
2C2A
2D
2C
2B
2A
26
22
15
05
05
05
0404
04
04
04
04
07
16
2D
19
08
08
0707
08
08
0B
11
1D
27
1C
0E
0D
09
0F15
0D
0B
0B
0F
09
06
0A
18
39
3F
3F40
40
40
40
51
66
78
7E
83
7D
7D
8380
7C
7A
78
7A
79
76
79
77
74
74
7273
6C
69
6B
6A
68
67
62
67
66
62
5E5C
5A
59
5C
58
57
52
56
54
53
51
4B37
1D
1D
20
1E
1D
1C
1B
1E
1A
1D
1C1A
18
18
15
1E
1F
16
14
16
16
13
1210
0F
0F
11
0E
10
14
21
2F
33
32
3031
34
31
31
38
3C
34
31
31
2F
2D
2E32
35
32
32
31
32
36
38
3A
3A
33
3333
34
36
36
37
39
3C
39
36
37
3B
3E3E
36
37
3A
3A
3A
37
33
34
33
36
3332
35
39
3C
35
3D
40
40
45
47
49
4D48
46
49
4C
4E
4E
54
53
4F
54
6E
736B
74
71
8F
72
68
72
7A
79
7F
7C
7F7D
7B
73
79
7D
73
76
7A
81
8E
95
9793
93
8C
8B
85
84
7A
78
81
83
80
8270
4C
15
0F
19
1E
16
08
03
53
A9
B79A
8D
6D
4A
36
37
28
25
20
1C
21
1D20
21
20
1E
14
17
14
0F
0E
0F
12
1015
0E
09
08
0E
11
19
1E
10
0D
11
1721
18
1F
20
1F
24
24
24
25
26
27
2728
28
26
24
22
25
26
28
29
28
2B
2B2A
2C
2C
2B
2A
2B
2A
25
2B
2B
2C
2C2D
2F
30
32
2E
2C
2B
21
20
1C
0D
0404
04
04
05
0D
15
09
07
07
07
06
0609
12
15
1A
1A
0A
0C
0C
0C
0D
09
0807
07
08
0A
07
1A
3B
3E
3D
3C
3B
3A39
39
3C
4F
5F
69
6B
6C
6E
70
70
6E71
70
6F
6A
6A
6D
6C
6B
67
66
6A
6A64
65
63
65
5E
60
62
62
60
5A
59
5D5C
5E
58
57
59
5A
51
3E
21
17
17
1718
17
1D
20
1C
19
1D
1C
19
1B
1A
1A1A
1C
25
20
22
23
1E
26
22
23
1E
1D1D
1E
27
2B
34
38
3B
39
32
33
34
3936
35
33
31
32
34
39
39
34
35
36
3534
35
35
37
36
34
33
33
35
39
34
3234
33
35
38
33
34
37
35
38
37
35
3436
37
38
37
37
35
34
34
33
31
32
393C
35
32
33
37
3C
3E
3C
3E
3F
41
4347
4B
4C
4C
4D
53
57
5B
5C
59
53
5676
6B
76
6F
77
74
71
7E
6E
6B
77
737C
76
76
75
73
74
76
7A
75
76
89
8C8A
85
97
9B
95
93
84
7B
5A
1E
04
040D
16
13
10
11
07
15
6D
8F
74
42
2E31
33
28
2E
1D
1B
1D
1D
20
24
23
2317
24
23
1A
16
18
13
12
0C
09
08
0814
11
22
17
07
0A
12
19
20
26
1F
2328
28
27
25
24
24
24
25
23
27
28
2823
25
25
26
26
27
28
28
28
2A
2C
2D2D
2C
29
29
2B
2B
2A
2A
2A
2B
2B
2C2D
2E
2E
2F
30
31
31
36
2E
31
29
2A24
24
1C
0E
05
05
06
05
05
06
0A
0C0E
0D
10
0D
0C
0B
0A
09
07
06
08
0708
0F
1F
3B
3D
3D
3F
44
58
60
63
6769
68
64
62
60
5E
5D
5D
5E
5F
5C
5C5F
62
60
5E
5E
5A
60
5E
5B
5B
59
5B5C
59
59
5D
5C
57
56
57
54
55
56
5352
55
57
52
4D
44
35
1D
18
1B
1B
1919
18
17
16
16
1A
2C
29
25
24
19
1414
17
19
1F
19
17
19
16
14
17
22
3137
3A
3F
3F
48
44
33
3F
41
41
45
423E
3D
3E
40
40
39
3B
3C
3B
37
39
3B39
36
35
35
34
38
39
39
3C
3B
35
3435
38
34
32
36
36
37
35
34
32
31
3530
2F
2F
2F
2F
2E
2E
33
32
32
32
3333
33
34
34
37
36
32
32
35
35
35
3637
37
37
37
3A
3B
3C
3D
3E
3F
41
4244
47
48
49
4F
65
5E
65
64
68
72
7877
70
6F
75
72
6D
72
71
6E
68
7A
9091
84
78
65
4B
16
09
0C
0E
08
07
0C0F
0A
12
1B
67
3D
34
31
42
42
30
2B20
20
20
1F
22
24
23
23
16
24
27
1822
23
1A
14
0E
14
18
0C
08
16
25
1606
12
0B
10
24
1F
21
27
25
29
2A
2B2A
26
24
24
20
25
26
23
27
28
27
2625
26
27
27
27
28
28
29
2A
2A
2A
2A2B
2B
2B
2B
2A
2A
2A
29
2A
2A
2B
2B2D
2E
2F
30
30
30
30
2F
2F
31
31
3334
30
2C
29
25
1C
0D
08
0D
0F
0E
0C13
0A
0E
0B
08
07
18
0B
05
05
06
2138
3A
3D
3E
3D
4D
61
74
80
7F
7D
7B79
75
70
6B
66
61
5D
5A
57
55
55
5252
53
54
55
51
54
53
52
51
53
54
5454
53
50
54
51
4F
51
51
51
51
50
4F4F
50
34
1B
1B
1C
1C
1C
1B
1B
1B
1C1D
1D
1A
17
16
1F
1C
19
18
1E
17
1316
11
13
17
13
25
33
33
34
36
37
3636
32
32
35
31
34
33
34
34
32
31
3237
36
37
33
34
33
32
35
31
35
37
3536
33
32
36
3A
38
33
31
37
35
33
2F2F
2F
2F
33
34
2C
2D
2E
2C
33
2D
2D2F
30
30
2D
2A
30
2D
2E
2F
2E
2D
2E2E
33
31
30
30
32
34
33
32
3A
37
3939
3A
3B
3C
3F
41
43
43
44
45
44
4545
46
46
46
48
4B
4D
4F
4C
5F
5B
6861
75
67
77
74
71
69
6A
6A
5D
25
2929
24
1C
20
22
22
21
20
20
21
20
274B
3C
38
43
41
34
22
18
1C
22
20
1C25
25
25
25
1A
22
25
18
27
1F
18
1712
11
0E
09
08
1C
23
12
0D
0F
12
181F
1E
23
25
24
27
28
28
29
2B
2B
2822
23
23
22
26
27
27
28
27
27
26
2728
28
28
28
28
29
28
29
2A
2A
2A
2A2A
2A
29
29
29
29
28
28
28
28
28
292A
2C
2E
2F
2F
30
30
30
2F
30
30
3031
32
34
34
2E
2B
29
26
23
24
20
201A
1A
1F
21
26
24
22
24
3A
43
41
3F3F
40
41
42
47
5F
6F
7F
82
80
7F
7E7D
7A
76
74
70
6B
67
63
60
5D
59
5754
52
51
50
50
50
50
4E
4E
4F
4F
4F50
4F
50
4E
4D
4E
4E
4D
4C
4B
49
4843
3C
3C
41
43
35
27
24
1E
19
18
1919
19
26
36
28
16
15
13
14
19
14
1428
27
29
2D
2E
30
35
38
3B
3C
3C
3938
33
36
35
34
32
38
32
32
35
30
3530
34
33
30
2D
2D
2E
2F
2E
30
37
332E
2E
33
34
34
2E
2E
2F
2E
2E
2F
3130
2F
30
2E
30
31
30
30
32
31
31
3235
36
38
37
36
37
37
39
3A
3B
3C
3F40
3F
3D
3F
41
42
42
45
44
45
47
4647
46
44
43
43
43
42
42
42
42
43
4343
43
44
44
43
44
46
48
49
4B
4C
4E4F
52
71
69
6A
36
1E
16
1C
25
2F
3632
2F
27
20
1D
1B
18
33
49
45
40
2E28
13
0F
09
1E
22
1E
1D
23
25
26
221B
1A
1F
1B
1E
0A
05
10
07
14
0C
1019
1D
19
0C
10
26
34
25
1C
20
22
2323
23
25
22
27
27
29
2B
2B
29
25
2424
25
26
26
28
28
28
28
27
27
27
2929
29
29
28
28
29
29
2A
2A
2A
2A
2A2A
2A
29
29
28
27
27
26
26
26
26
2627
28
2B
2C
2D
2E
2F
2F
2F
2F
2F
2E2E
2E
2E
2F
30
31
32
32
33
34
36
383A
3B
3B
3B
3E
41
44
47
47
48
48
4C4D
4D
4B
48
5A
6B
7E
85
85
84
82
807D
7B
79
77
74
71
6E
6A
69
65
62
5E5B
59
57
55
53
52
51
4F
4F
4E
4E
4E4E
4C
4D
4D
4C
4C
4B
4C
4A
49
49
4547
3E
36
3C
2F
32
31
2D
29
26
24
2325
21
1A
17
16
15
18
1B
1E
37
38
3A38
39
37
39
38
34
33
38
38
36
35
3734
35
31
35
32
37
32
2E
34
31
34
3430
30
2F
33
31
2F
31
30
2F
2E
2F
3231
30
2C
2E
2B
2C
2E
2C
2C
2F
2B
2A27
28
28
2B
29
28
29
2C
29
29
28
2A2B
2B
2F
2B
30
31
30
37
2E
2E
38
3433
30
30
30
31
31
32
37
34
35
35
3536
37
37
38
38
37
38
39
39
3A
3A
3939
3B
3C
3C
3D
3F
41
42
45
48
54
3714
0D
07
10
1A
28
36
33
2A
1E
17
0D11
1D
23
39
44
42
36
1E
08
06
06
0721
22
19
1D
22
24
24
20
0A
0B
0A
0F07
0B
09
08
0A
0B
0D
09
0B
09
16
0D23
57
69
6E
62
43
22
21
22
21
24
1C25
26
27
27
28
29
29
29
27
25
25
2425
26
27
28
29
29
28
27
27
27
28
2929
29
29
28
28
28
29
29
2A
2A
2A
2A2A
28
29
28
27
27
26
26
26
25
24
2525
25
27
29
2B
2C
2E
2F
2F
2F
2F
2F2F
2F
2F
30
2F
31
31
33
34
36
37
393B
3C
3C
3C
3C
3B
3A
3A
3B
3F
43
4749
4A
4D
5E
79
8E
99
97
91
8B
86
817E
7A
77
73
70
6C
6A
68
65
64
62
5F5D
5C
59
57
56
54
52
50
50
4E
4C
4D4C
4D
4C
4B
4A
47
45
46
44
34
34
302E
23
23
28
1F
1D
2B
29
2A
23
19
211A
24
23
28
35
39
41
3C
3B
40
39
3B38
36
37
38
3E
39
37
39
35
34
31
3131
2E
30
32
33
37
33
3A
30
2F
33
312D
31
31
31
31
33
34
2C
2E
2F
30
2E31
2B
2F
2B
29
29
2A
2E
30
29
27
2628
29
2A
29
28
2D
2E
26
2C
28
27
2726
27
27
26
28
2C
29
27
28
27
26
2827
27
26
26
27
26
2D
28
27
28
28
2929
29
2B
2B
2B
2C
2C
2D
2E
2F
30
3130
34
35
36
3A
52
2D
0C
0A
07
08
0A0D
0C
0F
0E
0B
06
06
06
0E
18
2C
3E42
39
20
08
06
06
07
07
1F
22
16
1921
1C
12
08
08
06
07
08
08
07
08
0808
08
08
08
09
18
32
2A
28
52
6F
7A7E
83
74
56
25
1E
21
18
23
24
25
2526
27
27
27
28
28
28
27
26
25
25
2526
27
28
29
29
28
27
27
27
28
29
2929
29
29
28
28
28
28
29
2A
2B
2B
2B2A
29
28
27
27
26
26
26
25
25
25
2525
25
25
26
27
29
2B
2D
2F
31
32
3333
33
33
33
33
33
33
33
32
33
33
3334
35
38
3A
3C
3D
3D
3E
3F
3E
3F
4244
48
5A
75
8D
9B
A3
A3
9D
95
8F
8983
7E
79
73
6E
6B
68
63
61
5E
5C
5856
56
55
54
52
50
50
4E
4D
4C
4C
4B4A
4A
48
48
47
3F
3F
40
41
3E
3D
3F3B
3A
3B
3D
3D
3B
3B
36
36
32
30
2E30
35
3C
38
38
38
37
37
3D
35
3C
3533
34
34
31
2F
32
33
34
34
2D
2D
2E2E
2B
2F
2B
28
2D
30
37
36
30
2B
2B2A
28
2B
2B
2C
28
27
27
27
2A
2B
282D
2B
2E
2B
30
2B
2C
2D
2A
2E
2F
2B25
26
27
26
25
26
25
25
25
25
25
2724
29
24
24
23
23
24
23
23
29
23
2324
24
25
24
23
23
25
24
23
24
25
2525
26
26
25
25
27
29
2A
2F
2C
21
285D
40
14
11
08
07
08
05
05
04
05
0505
05
05
09
11
20
38
31
33
23
0C
0607
06
07
07
23
20
16
0F
0E
07
08
0707
07
07
07
07
07
06
07
06
08
07
0808
17
1B
24
37
39
59
6D
7B
7C
76
7772
53
3A
2C
24
23
24
24
24
24
25
2627
27
27
27
27
27
26
26
26
25
25
2526
27
28
29
29
28
28
27
27
28
28
2929
28
28
27
27
27
28
29
2A
2B
2B
2B2A
29
28
27
26
26
26
26
26
27
27
2727
28
27
27
27
28
29
2A
2C
2F
30
3335
36
36
36
35
35
34
35
35
34
34
3535
34
35
34
36
37
39
3C
3E
40
41
4345
4E
60
73
83
8E
95
98
9A
95
90
8B88
83
7E
77
72
6E
6B
68
65
62
5E
5A57
55
54
53
51
4F
4E
4D
4C
4C
4B
4949
48
48
48
48
46
45
45
43
43
42
4342
41
41
3D
3D
3B
3D
3A
3B
3A
38
3735
3A
38
36
34
35
32
31
31
31
36
342B
2B
29
2C
2B
2A
2E
2D
2E
2C
2A
2C2E
28
26
28
29
2B
25
27
27
23
24
2625
29
28
29
26
23
23
21
23
26
22
2324
23
26
26
25
24
21
20
22
24
25
2326
24
23
22
21
22
26
22
20
20
20
2020
1F
1F
1E
1E
20
1F
1F
20
20
20
1F20
20
20
20
20
20
21
22
22
22
22
2323
25
26
28
27
05
02
57
61
29
13
130F
0F
0E
0A
06
05
06
06
06
08
0D
121A
2A
28
2A
26
0D
06
07
07
07
06
0724
1D
0A
08
08
07
07
07
07
06
06
0707
07
07
08
08
06
07
07
08
16
2C
2535
45
3C
50
60
67
73
73
7A
82
7B
735F
3A
23
24
24
23
25
26
26
27
27
2727
27
27
26
26
26
26
26
26
26
26
2626
27
28
29
29
28
27
27
27
27
28
2828
27
27
26
26
27
28
28
2A
2B
2C
2C2B
2A
29
29
27
27
26
27
27
27
28
2929
2A
2A
2B
2B
2B
2A
2A
2B
2C
2E
3033
35
36
37
38
38
37
37
36
37
37
3838
38
38
36
35
34
34
35
37
39
3C
4354
65
74
85
92
9F
A0
9C
96
91
8C
8884
80
7D
78
75
70
6D
64
3F
4E
5F
5C59
56
54
51
50
50
4E
4D
4D
4A
4A
4A4A
49
48
47
46
46
46
45
45
44
42
4243
44
41
3F
3D
3D
3E
3E
3F
3B
37
3735
36
36
38
37
33
38
37
3B
3B
38
323C
40
3A
3E
3B
38
3A
3A
3B
3E
42
4547
47
48
3F
39
38
37
37
37
36
36
3638
3E
42
3F
32
3A
33
2F
31
3B
35
332F
31
2F
2E
30
30
2F
2D
2C
2B
2A
292A
29
29
28
29
26
28
27
26
26
29
2B25
26
25
25
24
29
23
22
22
20
20
2020
20
1F
1F
1F
1F
1F
1F
1F
20
20
361F
00
4E
71
41
33
34
32
2F
23
1C
1A18
16
18
1D
25
2B
2B
28
2E
2D
2E
2912
07
07
07
07
06
08
06
20
0C
08
0707
06
06
06
06
06
06
06
07
06
07
0707
08
08
07
06
07
0F
18
1B
19
2A
1837
5B
4F
54
63
75
7C
76
7B
75
4F
2622
24
25
26
26
27
27
27
27
27
27
2828
28
27
26
26
26
26
26
26
26
26
2626
27
28
28
27
27
26
26
26
26
27
2726
27
26
26
26
27
27
28
29
2A
2C
2D2D
2D
2D
2C
2B
2A
29
29
29
29
29
2A2A
2B
2C
2D
2E
2E
2E
2E
2E
2E
2E
2D2E
30
30
31
33
34
35
35
36
37
38
393B
3D
3D
3D
3D
3B
39
37
35
35
39
444E
59
6D
7E
8D
98
9C
9A
96
8E
89
8780
7D
78
76
74
6F
6C
6A
66
63
5E
5856
52
53
52
51
50
50
50
4F
4E
4D
4E4E
4D
4E
4D
4C
48
3B
37
38
38
3A
3B48
4B
46
45
40
45
44
44
48
48
45
494B
47
48
4C
4B
4F
4D
52
4E
5A
50
5658
5B
59
55
50
50
55
4E
51
50
51
5650
50
4C
4D
51
4E
4E
52
51
52
4F
4F4D
4E
4D
4C
4C
4F
4F
4E
4F
50
52
5150
4B
4F
4E
4E
4E
53
54
52
52
52
5353
52
56
55
58
57
54
54
54
53
53
5352
51
50
4F
4C
4B
49
46
43
40
3B
3934
32
2F
2C
2A
28
26
1F
01
38
65
5047
3C
2D
21
1A
15
16
13
19
23
32
332B
24
1B
1F
20
2E
2C
16
09
07
06
0707
06
06
06
0D
08
07
07
06
07
07
0707
07
07
07
07
06
07
08
08
07
08
0806
06
07
09
0D
0C
0A
16
17
16
19
1D26
47
67
61
6A
67
6D
5C
35
25
25
2625
26
26
27
27
27
27
27
27
28
29
2A29
29
28
27
27
27
26
26
26
26
26
2626
26
26
25
26
25
26
25
25
25
25
2525
25
25
25
26
26
26
27
28
29
2A
2C2D
2F
2F
2F
2F
2E
2E
2D
2C
2B
2B
2B2C
2C
2D
2E
2F
30
31
32
32
31
31
3131
30
2F
2D
2C
2D
2D
2D
2E
2F
30
3335
38
3C
3E
41
41
42
40
40
3E
3D
4146
4E
5C
6C
7A
86
8C
8C
8B
88
85
8280
7E
7B
77
75
72
6F
66
65
56
44
5156
4D
51
53
54
53
51
50
4C
4E
4D
4D4C
4B
48
44
40
3C
3D
3E
46
4C
4F
4E4F
4C
4B
4A
49
45
4D
4B
51
4F
49
4C48
4B
4D
49
48
4F
46
3D
3B
3C
3B
3D3A
38
3B
36
36
35
36
35
34
36
34
3633
33
32
31
30
32
31
33
35
31
31
2E2E
2F
32
30
30
2F
30
2E
2F
30
31
3030
30
30
30
35
34
34
34
34
36
38
3B3B
3E
41
45
48
4B
4D
4F
51
54
53
5759
5C
5D
5E
5F
62
62
60
5F
5B
5A
5754
59
58
55
59
61
45
3C
39
24
13
0809
10
12
18
25
37
22
1C
21
19
16
1617
23
19
09
07
06
06
06
06
06
06
0708
06
06
06
06
07
06
07
07
07
07
0707
07
07
06
07
07
07
07
06
06
06
0607
07
0C
0B
08
08
08
0C
0C
16
38
5445
55
5A
4D
5E
51
2B
25
25
25
26
2727
27
28
28
28
28
28
28
28
29
2A
2A2A
2A
29
28
27
26
26
26
26
26
26
2625
25
25
24
24
24
23
23
23
23
23
2323
23
24
24
24
24
25
26
27
29
2A
2B2C
2E
2F
30
31
31
31
31
30
2F
2E
2C2D
2C
2D
2E
2F
31
31
33
34
34
34
3534
33
32
31
2F
2E
2C
2B
29
28
27
2728
2A
2D
30
35
3A
3E
42
43
44
45
4545
47
4E
59
65
72
7A
82
85
84
83
817F
7E
78
72
73
72
6F
6D
65
56
61
6664
62
5F
5C
5A
58
56
52
54
4E
4C
494C
4B
49
46
4A
4A
4D
50
4C
48
46
4246
43
43
41
3C
38
3B
35
35
33
33
3131
31
31
30
30
2F
30
2F
2E
2E
2D
3532
32
2C
2D
32
33
31
2E
2C
2C
2C
2C2C
35
2B
2A
31
2A
2A
2D
29
2A
28
2C27
38
5D
26
2B
28
27
26
25
25
26
2526
26
26
26
29
26
26
2A
26
27
27
2727
28
29
2A
2B
2B
2C
2D
2E
2F
33
3133
36
37
38
39
3A
3C
3F
42
47
4D
6057
3E
3B
2D
14
08
06
07
0C
12
13
1313
19
21
24
18
0D
0B
09
0C
19
0B
0606
06
06
07
06
06
06
04
07
07
07
0706
05
07
07
07
06
07
07
07
07
07
0706
07
06
06
06
06
06
06
07
06
06
0607
07
06
08
07
08
11
1A
24
1C
4F
6054
46
47
43
28
25
25
26
26
27
27
2828
29
29
29
29
28
28
28
28
29
2A
2A2A
2A
29
28
27
26
26
26
25
25
25
2524
23
23
22
22
21
21
20
20
20
20
2020
20
22
22
23
24
25
26
27
27
29
2A2B
2C
2D
2F
30
32
32
33
33
32
30
2F2D
2D
2C
2D
2F
31
32
34
34
36
36
3636
35
34
33
32
31
31
31
2F
2D
2A
2825
23
22
24
26
28
2D
31
37
3C
40
4244
2E
00
12
46
40
5D
66
6E
72
73
7767
67
7C
7C
7A
77
73
72
71
71
6F
6D6B
68
65
63
61
60
5F
5F
5B
57
57
5654
51
4F
4C
4A
48
45
42
41
3E
3C
3A38
36
34
33
32
30
30
2E
2E
2D
2C
2A29
29
28
29
26
25
25
24
23
22
22
2121
20
20
1F
1F
1F
1F
1F
1F
20
20
2121
22
22
23
23
24
24
23
23
24
23
3023
24
23
23
23
24
23
23
27
22
23
2222
22
23
23
22
22
22
21
21
20
20
2020
20
20
20
20
1F
1F
20
20
20
20
2121
21
21
21
22
2C
51
42
40
3B
22
0A06
08
09
0B
15
13
16
11
1E
2A
1B
100A
08
06
06
07
07
07
06
07
07
07
0606
06
04
05
07
06
06
05
06
07
07
0707
06
07
07
07
07
07
07
06
07
07
0706
06
06
06
07
06
07
07
07
07
07
0808
07
07
08
09
0B
17
2B
32
45
44
2743
33
26
26
26
26
26
27
27
28
29
292A
29
29
29
28
27
27
27
28
29
29
2A2A
29
29
28
27
26
26
26
25
24
24
2322
22
21
20
1F
1E
1E
1E
1B
1E
1E
1E1F
20
21
21
22
22
23
24
25
26
26
2729
2A
2C
2D
2E
30
32
33
34
34
33
312F
2E
2E
2F
31
32
34
36
37
39
3B
3B3B
3A
38
36
35
35
35
35
36
36
36
3531
2F
2A
26
22
22
23
24
25
1D
12
2637
3C
3F
3E
3E
3E
42
4B
57
60
6D
767B
6C
75
84
84
7F
7B
76
71
6C
67
625D
5A
57
56
55
53
53
52
52
52
52
5251
4F
4F
4E
4C
4B
49
46
44
42
40
3E3B
39
37
35
33
31
30
2E
2C
2A
29
2725
24
24
22
21
20
1F
1E
1D
1C
1B
1A1A
19
18
18
17
17
16
16
17
17
18
1819
1A
1A
1B
1C
1C
1D
1D
1E
1E
4C
1E1F
1F
1F
1F
20
20
21
21
21
21
21
2222
22
22
22
22
22
22
23
23
22
23
2322
22
22
21
21
21
20
1F
1E
1E
2A
221D
48
34
36
2D
18
07
07
07
0A
15
1D1D
1B
20
2C
28
19
0E
0B
07
06
06
0707
05
07
06
08
06
06
05
04
05
07
0806
06
06
06
07
07
07
07
07
07
07
0707
07
07
07
07
06
06
06
06
07
06
0606
06
07
07
07
07
07
08
07
08
0D
0D0A
09
07
08
0C
1C
21
2E
23
37
33
2A1F
24
23
26
27
28
29
2A
2A
2B
2B
2B2B
2A
29
28
26
26
26
27
27
28
28
2829
29
28
27
27
26
25
25
24
23
23
2121
1F
1E
1D
17
1C
1C
1C
1C
1D
1E
1D1E
1E
1F
1F
20
20
22
23
23
24
26
2627
28
29
2B
2C
2D
2F
31
32
33
33
3230
2F
2F
2F
30
31
32
33
36
38
3A
3C3C
3C
3A
38
35
2E
31
33
33
34
2E
373A
3A
38
37
33
2F
25
26
23
24
27
2B2D
30
34
37
35
39
39
3E
44
4A
4F
595C
64
70
75
7A
7E
7F
7D
7A
76
72
6E6A
67
63
60
5C
59
57
55
53
51
4F
4F4D
4C
4C
4B
4A
49
49
48
47
46
46
4444
43
42
41
3F
3D
3C
38
37
37
34
3331
30
2E
2C
2B
29
27
26
24
23
20
1E1F
1C
1B
1A
1A
19
18
17
17
17
17
1717
17
17
18
18
19
19
1A
1A
1B
4C
1C1C
1C
1D
1D
1E
1E
48
1F
1F
20
20
2021
21
21
21
21
22
22
22
23
22
22
2223
22
22
23
28
61
6F
52
45
38
2C
1E16
0B
07
06
08
13
24
28
1F
21
29
2416
08
08
06
06
05
06
07
06
08
07
0806
06
05
06
08
08
08
08
06
06
06
0606
07
06
06
06
06
07
06
06
07
06
0707
07
07
07
06
07
06
06
06
06
06
0707
07
07
06
06
07
0A
0E
0C
09
10
0E10
19
20
24
28
28
2A
23
30
36
3D
4034
3C
36
35
1F
37
3C
21
30
33
49
392A
28
26
26
26
26
26
26
26
26
27
2727
27
27
27
26
25
25
24
23
22
20
1D16
1D
1C
1B
1B
1B
1B
1B
1B
1C
1C
1D1D
1D
1E
1E
1E
1F
20
21
22
22
23
2425
26
26
27
28
2A
2B
2B
2B
2C
2C
2B2D
2D
2D
2D
2C
2B
2B
2A
2C
2D
2F
3231
2C
30
34
2F
2E
2D
2E
2D
2C
2C
2C2E
30
31
31
30
2E
2C
2B
2A
29
28
2726
27
29
2B
2E
30
33
36
38
39
39
4043
4B
55
62
70
76
74
70
6C
68
65
625F
5D
5B
59
57
57
55
54
54
53
52
5151
50
4E
4D
4E
4E
4E
4D
4D
4D
4D
4C4A
47
46
46
44
43
41
3E
3D
3F
3A
3B38
38
35
34
33
31
31
30
2E
2C
2B
2927
26
25
23
22
22
20
21
1D
1C
1C
1B1B
1B
1B
1B
1A
1A
1A
1A
1B
1B
1C
1C1C
1D
1D
1D
1E
1E
1E
55
1F
21
20
2020
20
34
55
21
21
21
21
22
22
22
2361
7D
78
60
48
2E
0E
09
07
06
06
0A17
28
27
1C
1E
1E
1A
10
08
06
06
0506
05
05
08
08
06
08
08
06
05
05
0707
07
07
07
06
06
06
07
07
07
06
0707
07
07
07
06
07
06
07
07
07
06
0606
07
06
06
06
06
06
07
07
07
06
0606
06
08
0E
16
15
0B
11
12
14
1B
1F1D
10
0D
15
1B
1E
1F
1D
27
22
30
2A22
2B
29
29
24
28
4F
66
65
54
2E
2826
26
25
25
25
25
25
25
26
26
26
2726
27
27
26
26
25
24
1F
14
1E
1A
1C1B
1B
1A
1A
1A
1B
1B
1B
1B
1B
1B
1C1C
1C
1D
1E
1D
1D
1E
1E
1F
1F
1E
1E1E
1D
22
22
22
23
25
25
26
26
26
2727
28
28
28
27
26
25
24
23
23
24
272A
2A
2A
28
28
27
27
26
25
24
23
2222
21
21
22
22
22
23
24
24
25
24
2323
22
22
24
25
27
29
2B
2D
30
33
3738
44
5A
66
69
69
69
69
68
68
66
6562
60
5D
5A
58
55
53
51
4F
4D
4B
4948
47
46
45
45
43
43
41
41
40
40
3E3E
3C
3F
3A
3A
3A
39
37
38
36
36
3636
37
34
33
32
33
31
31
2F
30
2E
2D2D
2C
2B
2A
2A
2B
28
27
26
25
24
2321
21
20
1F
20
1F
1E
1E
1E
1E
1E
1E1E
1E
1F
1F
1F
1F
1F
20
20
20
20
2020
20
20
38
20
21
21
3C
7A
7D
71
5337
0D
06
07
07
06
09
15
21
21
18
1514
10
0F
0A
07
06
06
05
06
06
07
0707
08
06
05
05
05
08
06
07
08
09
0805
07
06
06
07
06
07
07
07
07
07
0707
07
07
07
06
06
07
06
06
06
06
0606
06
06
06
07
07
06
06
06
06
07
0916
13
1A
15
1A
23
25
2A
2C
38
30
2617
16
18
19
15
12
09
17
1D
20
17
0C0D
0E
19
3B
56
6D
78
5D
37
2A
28
2626
25
25
25
25
24
25
25
24
25
26
2626
26
26
22
19
1E
20
1C
1D
1B
1B
191B
1B
1B
1B
1A
1A
1A
1A
1A
1A
1A
1A1B
1B
1B
1B
1B
18
19
1B
1B
1B
1C
1D1D
1E
1F
1F
1F
20
20
20
21
22
22
2324
24
24
23
22
21
21
21
20
21
22
2325
25
25
24
24
22
22
20
1F
1E
1D
1D1C
1C
1C
1B
1B
1B
1B
1C
1C
1D
1E
1F20
20
21
22
23
24
26
29
2C
31
33
4753
54
55
55
55
56
57
58
58
59
5A
5A59
59
58
58
57
56
54
52
51
4F
4D
4C49
47
45
43
42
41
40
40
3E
3D
3C
3D3C
3A
3C
39
3B
3A
39
37
36
35
35
3434
33
37
33
32
31
31
30
2F
32
2F
312F
2E
2F
2F
2F
2F
2F
2E
2C
2D
2B
2A29
27
26
26
25
24
23
23
22
22
21
2121
21
21
21
21
21
20
20
20
20
20
201F
20
21
6D
7E
73
61
44
12
07
08
0708
0A
11
0F
0F
11
14
12
0C
0C
0C
0806
06
05
05
08
09
08
08
07
05
05
0504
07
07
07
08
09
0A
0B
06
06
06
0707
07
07
07
06
06
06
07
07
07
07
0606
07
07
07
06
06
06
06
06
06
06
0606
06
06
07
0A
07
09
09
16
1C
19
181E
2E
31
28
31
31
44
3E
41
41
42
290F
11
0D
07
0C
10
0E
0A
07
08
09
0D21
3B
67
7A
71
55
38
3D
42
3E
2A
2725
25
24
24
24
22
23
26
24
25
26
211D
1C
24
1A
20
1D
1E
19
1D
1C
1B
1B1A
1A
1A
1A
19
19
19
19
19
1A
19
1715
17
18
18
16
17
17
19
17
14
14
1A1B
1C
1C
1C
1D
1D
1D
1E
1F
1F
20
2025
23
23
23
21
20
1F
1E
1E
1F
21
2223
24
24
23
23
22
21
21
20
1F
1E
1D1C
1B
1A
1A
19
19
19
19
19
1A
1A
1B1C
1E
20
23
26
28
2B
31
44
4E
50
5051
50
50
50
50
4F
4F
4F
4E
4E
4E
4E4D
4D
4C
4C
4B
4B
4B
4B
4B
4A
49
4746
46
45
43
41
40
41
40
3F
3E
3D
3C3D
3C
3C
3A
3B
39
38
38
38
39
37
3635
34
34
35
34
32
32
35
31
30
30
3030
30
30
30
2F
31
30
30
30
30
2F
3230
30
30
2F
2E
2E
2E
2D
2D
2C
2C
2B2A
2A
29
2A
29
29
28
29
29
29
59
8176
66
46
1D
06
07
07
08
0D
10
0D
090B
17
19
0C
09
09
08
06
06
04
06
0809
07
06
06
05
07
05
05
07
09
07
0A09
07
0E
10
05
05
06
07
07
07
07
0707
07
07
06
07
07
07
07
07
07
06
0607
06
06
06
07
07
07
06
06
07
06
0707
08
08
0A
0E
24
39
40
31
1D
25
2E20
29
21
36
29
31
2E
3C
37
23
12
0E0D
08
08
08
08
08
08
08
08
08
1D
5E74
72
6A
63
6B
74
6E
53
35
2B
29
2726
25
22
21
20
23
25
20
1E
1A
28
1E25
23
21
1A
1F
1E
1D
1B
1A
1A
1A
1A1A
19
19
19
19
19
15
15
17
17
14
1718
18
19
19
19
19
18
13
16
19
19
191A
1A
1A
1B
1B
1C
1C
1D
1F
20
22
2425
25
24
17
17
1C
20
1F
1F
20
21
2223
23
23
24
25
25
25
26
26
25
25
2423
21
20
1F
1D
1C
1C
1B
1A
1A
1A
1A1B
1E
23
28
31
41
4B
4F
4F
4F
4F
4F4E
4D
4D
4C
4C
4B
4A
49
49
49
48
4746
46
46
46
45
45
44
44
44
44
44
4444
43
42
42
41
42
42
42
41
41
40
413E
3E
3D
3E
3E
40
3C
3C
3B
3B
3B
3B3B
3A
39
39
38
37
37
36
36
35
34
3333
32
32
31
31
30
31
31
31
31
31
3131
31
31
31
32
31
31
31
31
31
31
3232
32
31
31
32
4C
83
7A
6D
42
29
0706
06
06
0A
13
0D
07
08
13
10
09
0808
08
08
07
04
07
08
08
07
07
07
0507
05
05
08
0A
05
10
0D
08
0F
16
1205
05
05
06
07
06
07
07
07
07
06
0706
07
07
07
07
07
07
06
07
07
08
0A0B
0A
0A
0B
09
07
07
07
07
07
07
090E
0E
21
39
44
3F
2E
19
1D
1B
20
2225
28
28
29
2D
2D
1F
0F
0D
0D
0A
0807
07
07
08
08
0B
10
26
5B
69
6A
6258
6C
7A
7A
6C
4D
2E
2C
2C
2C
2B
261C
24
26
1B
24
1B
29
21
29
28
23
2123
21
1F
1D
1C
1B
1B
1B
1A
1A
1A
1A1A
18
12
17
15
17
18
18
18
18
18
1818
18
18
18
18
18
19
18
18
18
18
1819
19
1A
1A
1B
1C
1D
1E
20
21
22
2021
24
26
26
24
23
22
21
20
20
20
2020
21
21
22
22
24
24
25
27
27
28
2727
26
25
25
24
23
22
22
21
21
21
2223
2C
3A
46
4E
52
52
53
53
52
51
504F
4E
4C
4B
4B
49
48
47
46
45
44
4443
41
40
40
3F
3E
3E
3E
40
3D
3D
3D3D
3D
3E
3E
3F
3F
3F
3F
40
3F
41
4041
41
41
42
42
42
42
42
43
41
40
4040
40
40
3F
3F
3E
3E
3E
3D
3C
3B
3A3A
39
39
38
37
37
37
36
36
35
35
3434
34
33
34
34
34
34
34
34
33
33
3344
82
7C
72
54
29
0E
06
06
06
07
0C10
09
09
14
14
0A
07
06
07
07
07
0507
09
07
06
05
05
05
06
05
08
09
0907
08
0C
07
11
1D
1C
22
05
05
06
0606
07
07
07
07
07
07
07
07
07
07
0707
07
07
07
07
08
09
0F
12
1A
23
1A15
18
10
0A
08
07
07
07
09
12
11
1320
2C
2F
24
18
13
10
18
1A
1F
26
271F
25
1F
0F
09
07
08
08
07
07
07
0708
07
07
0B
2C
4D
60
56
50
3D
4B
606D
69
5E
3C
28
2A
2B
2C
1B
26
29
1A26
17
28
1E
29
28
1C
29
28
27
23
2123
22
22
21
20
1F
1D
1C
1C
19
17
1319
18
18
19
18
18
18
18
17
17
17
1717
17
18
17
17
17
17
17
17
18
18
1819
19
1A
1B
1C
1D
1D
1E
1E
1E
1B
2426
27
28
27
27
26
25
24
22
21
21
2020
20
21
21
22
23
24
26
27
28
28
2929
29
28
28
28
28
29
2A
2B
2D
2E
3138
41
4B
54
58
59
59
59
59
57
56
5553
51
4F
4E
4D
4C
4A
48
47
46
44
4241
3F
3E
3D
3C
3B
3B
3A
39
38
38
3737
37
37
37
37
39
38
38
38
3A
3B
3B3D
3D
3D
3E
3F
40
40
41
42
42
44
4344
44
44
45
44
44
44
44
44
44
44
4444
44
44
44
44
43
43
42
41
40
40
4040
3F
3F
3F
3F
3E
3F
45
7C
7C
70
612E
16
06
05
05
06
0B
0E
0C
0C
11
1D13
09
06
06
06
06
06
06
07
07
07
0705
05
07
07
08
07
07
05
04
06
07
0C19
26
24
1F
05
05
06
06
06
06
06
0506
06
07
07
07
07
07
07
07
07
07
0707
07
09
09
0D
18
26
26
32
2E
26
261A
08
07
07
07
07
0B
12
15
15
1B
1E1B
17
15
0B
13
18
22
24
24
1F
1B
1208
08
07
07
07
07
07
07
07
07
07
0817
41
52
53
3F
33
1D
30
46
5E
62
4D44
36
29
27
16
23
25
1B
27
19
27
1C28
27
1C
27
27
27
24
26
26
26
26
2524
23
23
22
20
1E
1B
1D
1D
1C
1B
1A19
19
19
18
18
17
17
16
17
15
11
1315
16
17
16
16
17
17
17
18
18
18
191A
1B
1B
1B
1C
1B
15
16
20
22
23
2527
28
28
28
28
28
27
26
24
23
22
2120
20
21
22
22
23
25
26
27
28
28
2929
2A
2A
2A
2A
2B
2C
2D
2F
32
33
343A
44
4E
55
5D
60
5F
5E
5D
5C
5A
5957
55
54
52
51
4F
4E
4B
4B
49
47
4644
42
41
40
3E
3D
3B
3A
39
38
38
3636
36
36
35
35
34
34
34
33
33
34
3434
34
35
35
36
36
36
36
36
37
37
3838
38
39
39
39
39
39
39
39
39
39
3939
3A
3A
3A
39
3A
3A
39
39
39
39
3939
39
3E
77
80
64
6B
3F
1C
0D
07
090A
0F
0D
10
14
19
2A
20
0F
09
05
0506
05
06
07
07
07
07
05
07
07
05
0507
07
05
04
08
08
0E
12
1A
20
19
1306
06
06
06
06
07
05
06
06
07
07
0707
07
07
07
07
07
07
07
07
07
07
0809
0F
19
2E
1E
33
41
3A
39
25
11
0908
08
07
07
07
0A
0B
0D
15
18
0F
0E09
0B
14
1D
25
33
37
1A
16
13
0B
0808
07
07
07
08
08
08
08
0B
1B
43
4A34
31
25
1A
19
38
4F
51
35
43
45
492B
4E
20
1D
27
19
26
1D
26
25
1B
2623
26
23
24
26
26
27
26
26
25
25
2524
21
21
21
20
20
20
20
20
20
1E
1D1B
17
16
17
16
0C
04
05
06
15
17
1616
16
16
16
17
17
17
17
18
18
18
1919
1A
1A
19
1B
1E
1D
20
21
23
24
2526
27
27
27
27
26
25
25
24
23
22
2121
20
21
22
22
23
24
25
25
26
26
2727
27
28
29
2A
2C
2D
2E
30
31
33
3536
3C
45
4C
54
59
5D
61
60
5F
5D
5C5B
5E
57
54
53
51
50
4F
4D
4C
4B
4A49
47
46
45
44
43
42
41
40
3F
3D
3B3B
3A
39
38
37
36
36
35
35
34
34
3434
33
33
33
32
32
32
32
32
32
32
3231
31
31
31
31
31
30
30
30
30
2F
2F2F
2F
2E
2E
2E
2E
2D
2E
2E
32
72
8463
65
43
17
17
08
0A
15
15
12
15
1928
2D
20
11
09
07
05
05
06
07
07
0707
06
05
07
07
06
06
07
07
08
06
0409
0E
16
16
1A
19
18
0E
07
07
09
0808
09
0C
0B
07
07
07
07
07
07
07
0707
07
07
07
07
07
07
07
08
09
0D
0C16
1A
25
2D
2E
29
32
24
1A
0A
08
0707
07
09
09
09
0A
0B
0C
09
08
07
070D
16
1C
23
1C
13
10
0D
09
07
07
0707
08
08
08
0C
11
23
37
36
3A
3A
3425
16
28
42
43
23
2D
35
1A
54
50
1825
1B
27
1E
26
23
1D
25
23
25
1E
2125
25
25
22
22
24
25
25
25
24
24
2323
22
21
20
20
1F
1E
1F
1E
1B
1A
1917
11
0B
0D
0D
18
19
18
17
17
16
1616
16
17
16
17
17
17
18
18
18
19
191A
1A
1B
1C
1D
1E
1F
21
22
24
25
2526
26
26
25
24
23
23
22
21
20
20
2020
20
20
20
21
21
22
22
23
23
24
2425
26
26
27
28
2A
2B
2C
2D
2F
30
3133
35
36
36
42
4A
4F
53
5A
5D
5F
5D5C
5A
59
58
56
55
53
51
50
4F
4E
4D4B
4A
49
48
46
45
45
44
43
42
41
4040
3E
3E
3D
3D
3C
3C
3B
3A
3A
39
3837
37
36
36
36
35
35
34
33
33
33
3232
32
31
31
30
30
2F
2F
2E
2D
2D
2D2C
2C
2B
2B
2C
6A
86
62
5D
3F
10
0B07
07
10
13
19
1E
1F
2A
38
16
10
0907
06
05
07
07
06
05
07
05
07
08
0705
05
06
06
07
07
06
0D
0F
22
23
1E14
12
14
0E
07
07
07
07
08
09
0D
1311
09
07
07
07
07
07
07
07
07
07
0707
07
07
07
07
0B
10
17
11
0C
0E
0E13
11
17
1D
26
21
11
09
07
07
07
0808
07
07
07
07
08
08
08
09
0B
15
1921
18
11
12
0F
08
07
07
07
07
07
0807
0A
13
2F
3D
2D
2C
33
35
24
12
1B26
2B
1D
1C
0F
24
31
32
31
1C
24
2025
20
21
25
1F
25
1B
22
25
24
1A
2124
24
24
24
24
23
23
23
23
22
22
2222
21
21
21
1E
1E
1D
19
1C
1C
1C
1C1D
20
21
21
1E
1B
1A
18
18
18
17
1717
17
17
17
17
18
18
18
18
19
19
1A1B
1B
1C
1D
1E
1F
20
21
22
24
24
2425
24
24
23
22
21
20
21
1F
1F
1E
1E1E
1E
1D
1E
1E
1E
1F
20
20
21
21
2223
24
25
26
26
27
28
29
2A
2B
2C
2D2F
2F
31
32
34
35
36
3F
47
4D
50
545A
58
57
56
55
54
53
52
51
50
4E
4E4D
4C
4C
4A
49
48
47
46
45
44
43
4241
40
40
3E
3D
3D
3C
3C
3B
3B
3A
3939
39
38
38
38
38
38
37
37
37
36
3636
36
35
35
35
34
34
33
33
33
33
335D
84
63
53
4A
14
04
05
0C
18
16
1A24
20
24
30
1A
12
09
07
07
06
07
0705
05
05
06
07
07
06
05
04
06
08
0805
06
0E
1E
28
24
21
16
11
0E
12
1007
07
07
07
07
07
08
09
0B
10
0C
0707
07
07
07
07
07
07
07
07
07
06
0707
07
08
0D
1A
15
14
0E
12
0E
0C
1009
13
11
0A
0A
0B
08
08
08
07
07
0707
07
08
08
08
0D
0A
1C
18
1B
1B
1412
14
0A
07
07
07
08
08
08
08
0E
172C
3C
3F
42
38
23
12
0B
0C
0E
0F
1416
1A
10
25
27
14
2C
1F
2D
1F
25
2720
25
18
25
24
19
22
24
24
23
24
2323
23
23
23
22
22
22
22
22
22
22
2120
1F
1E
1D
1D
1E
1E
1F
1F
20
22
2325
24
23
21
1F
1D
1A
19
19
18
18
1818
17
18
18
18
18
18
18
19
19
1A
1A1B
1B
1C
1D
1E
1F
20
21
21
22
22
2323
23
22
21
20
20
1F
1F
1E
1D
1C
1C1C
1C
1C
1C
1C
1C
1D
1D
1E
1E
1F
1F20
21
22
23
24
25
26
26
27
28
29
2A2B
2B
2C
2D
2F
2F
31
33
33
39
3F
464B
50
54
55
53
53
51
4F
4F
4E
4D
4C4B
4A
49
48
48
47
46
45
45
45
44
4342
41
40
3F
3E
3E
3D
3C
3C
3B
3B
3B3A
3A
3A
39
38
39
38
37
38
37
36
3636
36
36
35
35
36
36
56
7E
5D
41
4516
0D
05
12
22
1D
2A
2E
23
1E
25
1311
08
07
07
05
07
08
07
05
05
06
0608
07
05
05
06
08
09
06
07
15
23
2D29
1E
13
0F
0E
14
11
0B
07
07
07
0707
07
07
07
07
0A
10
0D
07
07
07
0707
07
07
07
07
07
06
07
06
06
07
0807
0A
16
19
12
11
10
0D
0D
07
0A
0F18
19
11
0E
07
07
07
07
07
07
07
0707
07
08
0A
0A
0A
10
0A
0D
09
09
0707
07
07
07
07
08
08
0D
16
25
38
3F3B
2A
12
09
08
08
08
08
0C
16
0B
131E
1E
29
1D
28
1B
2A
29
1F
25
1E
2118
24
25
24
23
23
23
23
23
23
23
2323
23
23
23
22
22
21
21
20
1D
16
141F
20
20
20
20
21
22
23
23
24
25
2524
23
22
1F
1D
1C
1A
1A
19
18
18
1818
18
18
18
18
19
18
18
18
19
1A
1A1B
1B
1C
1D
1D
1E
1F
1F
20
21
20
2020
20
20
1F
1F
1F
1E
1D
1D
1D
1C
1C1C
1B
1C
1B
1B
1B
1B
1B
1B
1B
1C
1D1E
1F
1F
20
21
22
22
24
24
25
26
2728
29
29
2B
2C
2D
2D
2F
30
31
32
373E
44
49
4D
52
55
53
51
50
4E
4D
4D4C
4B
4A
49
49
48
48
48
47
46
46
4543
43
42
41
41
40
3F
3E
3E
3E
3D
3D3D
3C
3C
3B
3B
3A
3A
39
38
38
37
3737
37
4D
76
55
3A
3F
13
07
06
18
292B
2D
2B
25
1C
1C
09
0C
08
06
06
0506
08
06
05
05
07
07
07
07
05
05
0809
0A
07
09
17
26
2C
25
1D
17
13
1010
0D
13
14
07
07
07
07
07
07
07
0707
07
0A
0B
0A
07
07
07
07
07
07
0707
07
07
06
06
06
06
07
06
07
07
060D
11
0B
0B
0D
0B
08
0E
1B
19
22
1E1E
0C
06
07
07
07
07
07
07
07
07
0707
08
07
08
08
08
07
07
07
07
07
0707
07
08
08
0A
14
1D
2C
30
28
19
0E0C
0A
09
08
09
09
0B
16
16
11
21
1328
1D
2A
26
23
22
21
1D
22
26
25
2524
23
21
1B
1B
1A
1B
1F
1E
1F
1D
1D1E
1E
1D
1A
17
11
0F
0D
16
1D
1F
2122
22
23
24
24
25
25
25
26
26
25
2422
20
1F
1E
1D
1C
1B
1A
19
19
19
1818
18
18
18
18
18
18
19
19
19
1A
1A1A
1B
1B
1C
1C
1D
1E
1E
1E
1F
1F
1F1F
1E
1F
1F
1E
1D
1D
1D
1D
1C
1C
1B1B
1B
1A
1A
1A
1A
1A
1A
1A
1B
1B
171A
1C
1D
1E
1F
20
20
21
22
22
23
2425
26
27
28
2A
2A
2C
2E
2F
2F
31
3132
33
3D
44
4A
4D
51
56
54
53
52
5050
4F
4E
4D
4D
4C
4C
4A
4A
49
48
4746
46
45
44
44
43
43
42
41
41
40
3F3E
3E
3D
3D
3D
3C
3C
3C
3C
41
6E
4A30
3E
1C
04
08
17
2C
33
36
28
20
1A0F
09
0D
07
08
07
07
06
07
0A
06
0506
07
08
06
07
06
0A
0C
0B
09
10
1F25
30
2F
24
1F
1B
13
0C
0C
14
17
1B07
07
07
07
07
07
07
07
07
07
08
0E14
0A
08
07
07
07
07
07
07
07
07
0707
07
07
07
07
07
07
07
06
06
09
090A
08
09
0D
15
1B
19
1E
15
22
16
0907
07
07
07
07
07
07
07
07
07
07
0807
08
07
07
07
07
07
07
07
08
08
080B
0E
13
1F
29
2A
28
1E
17
12
0E
0809
08
08
0C
0A
14
13
10
26
1A
2A
2126
1B
20
21
26
25
25
1D
18
1B
1A
1F1F
21
21
21
20
20
20
20
20
20
20
1F1E
18
12
12
17
1D
1F
20
21
22
23
2424
25
25
25
26
26
26
26
25
25
23
2221
1F
1E
1D
1D
1B
1B
1A
1A
19
19
1919
19
19
19
19
19
19
19
19
19
19
1715
19
1A
1B
1B
1C
1C
1C
1D
1C
1C
1D1D
1D
1D
1D
1D
1D
1D
1D
1D
1C
1C
1B1B
1A
1A
1A
1A
1A
1A
1A
17
16
1E
1B1B
1C
1D
1E
1F
20
20
21
22
22
23
2425
26
27
28
29
2A
2B
2C
2D
2E
2F
3132
32
34
35
3C
41
49
4E
51
54
59
5857
57
56
55
53
52
51
50
4F
4E
4D
4C4C
4B
4A
4A
49
47
45
45
44
44
43
4241
41
41
41
3F
60
59
2A
1D
22
08
0F1F
31
36
2E
1F
15
15
0F
07
08
07
0607
07
06
05
0B
08
06
07
07
09
07
0808
09
09
08
0F
1A
29
32
37
2E
29
221C
11
11
0F
15
19
19
1E
07
07
07
0707
07
07
07
07
07
08
0D
12
11
08
0707
07
07
07
07
07
07
07
07
07
07
0807
07
07
07
07
07
07
08
08
08
08
0809
0B
0D
15
1A
13
18
1C
11
09
07
0707
07
07
08
08
07
07
07
08
07
08
0707
07
07
07
07
07
09
0A
06
0B
0F
1516
14
1C
2F
33
2F
19
08
09
08
09
0807
0C
0F
10
12
15
21
15
1A
20
1D
2626
20
1C
1F
23
21
21
21
21
21
20
2020
20
1F
1F
1F
1F
1F
1E
1D
1B
19
1919
1B
1C
1D
1E
1F
21
21
22
23
24
2425
26
25
26
26
26
26
26
25
24
23
2220
1F
1E
1D
1C
1C
1B
1A
19
19
19
1918
18
18
18
18
18
17
11
0D
16
19
1919
1A
19
1A
1A
1A
1A
1B
1B
1B
1C
1C1C
1C
1D
1D
1D
1D
1D
1D
1D
1C
1C
1C1C
1B
1B
1A
19
19
1A
1A
1B
1C
1C
1D1D
1E
1F
20
20
21
22
23
23
24
25
2627
28
29
29
2A
2B
2C
2D
2E
2E
2F
3031
32
33
34
35
37
39
3F
47
4E
52
5759
5C
60
60
60
5D
5C
5A
5A
59
59
5755
53
52
51
4F
4D
4C
4B
49
48
47
4748
5E
2A
18
0D
06
15
2E
32
34
2A
1613
0C
07
07
07
08
06
06
07
08
06
0606
08
09
09
08
06
07
06
06
06
05
0D1F
2A
2D
2D
24
17
1F
17
12
14
10
1517
1B
1B
1F